{
	"AST":1.5,
	"BLK":0.2,
	"DRB":0.0,
	"FG":1.3,
	"FGA":2.3,
	"FGp":0.571,
	"FT":0.0,
	"FTA":0.2,
	"FTp":0.0,
	"GS":0.0,
	"MP":3.3,
	"ORB":0.5,
	"PF":0.2,
	"PTS":3.5,
	"Player":"Aaron Holiday",
	"STL":0.5,
	"TOV":0.0,
	"TRB":0.5,
	"assessment":{
		"breaking":0.2999999999999998,
		"defensive":0.29153759385219563,
		"leading":0.7186193980723475,
		"rebounding":0.1799410749506902,
		"shooting":0.8125353921102322
	},
	"eFGp":0.75,
	"pos":"PG",
	"threeP":0.8,
	"threePA":1.2,
	"threePp":0.714,
	"twoP":0.5,
	"twoPA":1.2,
	"twoPp":0.429
}