{
	"AST":2.6,
	"BLK":1.2,
	"DRB":3.6,
	"FG":4.6,
	"FGA":10.8,
	"FGp":0.426,
	"FT":4.0,
	"FTA":5.6,
	"FTp":0.714,
	"GS":5.0,
	"MP":32.0,
	"ORB":3.6,
	"PF":2.8,
	"PTS":13.8,
	"Player":"Aaron Gordon",
	"STL":0.4,
	"TOV":1.6,
	"TRB":7.2,
	"assessment":{
		"breaking":0.8125295761527721,
		"defensive":0.8125295761527721,
		"leading":0.49999999999999983,
		"rebounding":0.8125295761527721,
		"shooting":0.49999999999999956
	},
	"eFGp":0.454,
	"pos":"PF",
	"threeP":0.6,
	"threePA":3.0,
	"threePp":0.2,
	"twoP":4.0,
	"twoPA":7.8,
	"twoPp":0.513
}