{
	"AST":0.1,
	"BLK":0.4,
	"DRB":0.8,
	"FG":0.2,
	"FGA":1.1,
	"FGp":0.182,
	"FT":0.0,
	"FTA":0.0,
	"FTp":0.0,
	"GS":0.0,
	"MP":3.6,
	"ORB":0.3,
	"PF":0.5,
	"PTS":0.5,
	"Player":"Aaron Nesmith",
	"STL":0.1,
	"TOV":0.1,
	"TRB":1.1,
	"assessment":{
		"breaking":0.14065275257108295,
		"defensive":0.47815789473684267,
		"leading":0.48193688828889675,
		"rebounding":0.2999999999999998,
		"shooting":0.18692904716848283
	},
	"eFGp":0.227,
	"pos":"SF",
	"threeP":0.1,
	"threePA":0.8,
	"threePp":0.125,
	"twoP":0.1,
	"twoPA":0.3,
	"twoPp":0.333
}