{
	"AST":3.4,
	"BLK":1.5,
	"DRB":7.9,
	"FG":4.7,
	"FGA":9.0,
	"FGp":0.519,
	"FT":1.2,
	"FTA":1.5,
	"FTp":0.815,
	"GS":18.0,
	"MP":36.5,
	"ORB":1.4,
	"PF":3.0,
	"PTS":12.7,
	"Player":"Al Horford",
	"STL":0.9,
	"TOV":1.2,
	"TRB":9.4,
	"assessment":{
		"breaking":0.6249131525973226,
		"defensive":0.8125295761527721,
		"leading":0.5539265310424828,
		"rebounding":0.8125295761527721,
		"shooting":0.8095442840949912
	},
	"eFGp":0.636,
	"pos":"C",
	"threeP":2.1,
	"threePA":4.6,
	"threePp":0.463,
	"twoP":2.6,
	"twoPA":4.4,
	"twoPp":0.575
}