{
	"AST":4.3,
	"BLK":1.0,
	"DRB":2.3,
	"FG":2.3,
	"FGA":5.8,
	"FGp":0.391,
	"FT":0.0,
	"FTA":0.0,
	"FTp":0.0,
	"GS":4.0,
	"MP":28.3,
	"ORB":0.5,
	"PF":2.8,
	"PTS":6.3,
	"Player":"Alex Caruso",
	"STL":1.3,
	"TOV":0.3,
	"TRB":2.8,
	"assessment":{
		"breaking":0.4681363005008798,
		"defensive":0.7078433383588506,
		"leading":0.7916701131976224,
		"rebounding":0.49999999999999956,
		"shooting":0.6613667059285441
	},
	"eFGp":0.543,
	"pos":"SG",
	"threeP":1.8,
	"threePA":4.5,
	"threePp":0.389,
	"twoP":0.5,
	"twoPA":1.3,
	"twoPp":0.4
}