{
	"AST":0.8,
	"BLK":0.8,
	"DRB":2.3,
	"FG":1.5,
	"FGA":2.8,
	"FGp":0.545,
	"FT":0.8,
	"FTA":1.3,
	"FTp":0.6,
	"GS":4.0,
	"MP":15.0,
	"ORB":0.8,
	"PF":3.0,
	"PTS":3.8,
	"Player":"Andre Drummond",
	"STL":1.3,
	"TOV":1.5,
	"TRB":3.0,
	"assessment":{
		"breaking":0.5821028498020604,
		"defensive":0.7078433383588506,
		"leading":0.4999999999999999,
		"rebounding":0.5663332342537822,
		"shooting":0.7322789745870254
	},
	"eFGp":0.545,
	"pos":"C",
	"threeP":0.0,
	"threePA":0.0,
	"threePp":0.0,
	"twoP":1.5,
	"twoPA":2.8,
	"twoPp":0.545
}