{
	"AST":1.6,
	"BLK":1.0,
	"DRB":4.4,
	"FG":6.2,
	"FGA":12.9,
	"FGp":0.484,
	"FT":2.1,
	"FTA":3.2,
	"FTp":0.648,
	"GS":17.0,
	"MP":33.3,
	"ORB":2.5,
	"PF":2.6,
	"PTS":16.1,
	"Player":"Andrew Wiggins",
	"STL":0.8,
	"TOV":1.2,
	"TRB":6.9,
	"assessment":{
		"breaking":0.7199225496963535,
		"defensive":0.8125295761527721,
		"leading":0.509596928982723,
		"rebounding":0.8125295761527721,
		"shooting":0.7908553649010717
	},
	"eFGp":0.543,
	"pos":"SF",
	"threeP":1.5,
	"threePA":4.4,
	"threePp":0.347,
	"twoP":4.7,
	"twoPA":8.5,
	"twoPp":0.556
}