{
	"AST":2.5,
	"BLK":0.5,
	"DRB":1.0,
	"FG":1.0,
	"FGA":2.3,
	"FGp":0.444,
	"FT":0.5,
	"FTA":0.8,
	"FTp":0.667,
	"GS":0.0,
	"MP":13.5,
	"ORB":0.8,
	"PF":2.8,
	"PTS":2.8,
	"Player":"Andre Iguodala",
	"STL":0.0,
	"TOV":1.0,
	"TRB":1.8,
	"assessment":{
		"breaking":0.5825322180539935,
		"defensive":0.47815789473684267,
		"leading":0.6010129373920543,
		"rebounding":0.4880099396577617,
		"shooting":0.5821028498020604
	},
	"eFGp":0.5,
	"pos":"SF",
	"threeP":0.3,
	"threePA":0.8,
	"threePp":0.333,
	"twoP":0.8,
	"twoPA":1.5,
	"twoPp":0.5
}