{
	"AST":3.0,
	"BLK":1.2,
	"DRB":3.5,
	"FG":8.3,
	"FGA":18.3,
	"FGp":0.455,
	"FT":4.7,
	"FTA":5.7,
	"FTp":0.824,
	"GS":6.0,
	"MP":37.8,
	"ORB":0.7,
	"PF":3.7,
	"PTS":25.2,
	"Player":"Anthony Edwards",
	"STL":1.2,
	"TOV":2.5,
	"TRB":4.2,
	"assessment":{
		"breaking":0.8125295761527721,
		"defensive":0.8125295761527721,
		"leading":0.33831923827631977,
		"rebounding":0.7000000000000004,
		"shooting":0.7078433383588506
	},
	"eFGp":0.559,
	"pos":"SG",
	"threeP":3.8,
	"threePA":9.5,
	"threePp":0.404,
	"twoP":4.5,
	"twoPA":8.8,
	"twoPp":0.509
}