{
	"AST":1.2,
	"BLK":0.2,
	"DRB":0.6,
	"FG":1.6,
	"FGA":3.6,
	"FGp":0.444,
	"FT":0.2,
	"FTA":0.2,
	"FTp":1.0,
	"GS":0.0,
	"MP":21.6,
	"ORB":0.0,
	"PF":3.0,
	"PTS":4.2,
	"Player":"Austin Rivers",
	"STL":1.4,
	"TOV":0.8,
	"TRB":0.6,
	"assessment":{
		"breaking":0.49999999999999983,
		"defensive":0.4867720347783942,
		"leading":0.5821028498020604,
		"rebounding":0.194675704788536,
		"shooting":0.7078433383588506
	},
	"eFGp":0.556,
	"pos":"SG",
	"threeP":0.8,
	"threePA":2.4,
	"threePp":0.333,
	"twoP":0.8,
	"twoPA":1.2,
	"twoPp":0.667
}