{
	"AST":2.2,
	"BLK":0.0,
	"DRB":1.8,
	"FG":1.6,
	"FGA":5.2,
	"FGp":0.308,
	"FT":0.2,
	"FTA":0.2,
	"FTp":1.0,
	"GS":1.0,
	"MP":17.2,
	"ORB":0.8,
	"PF":1.0,
	"PTS":4.0,
	"Player":"Ayo Dosunmu",
	"STL":0.2,
	"TOV":0.6,
	"TRB":2.6,
	"assessment":{
		"breaking":0.49999999999999983,
		"defensive":0.2867239172511623,
		"leading":0.597428646983791,
		"rebounding":0.5663332342537822,
		"shooting":0.28703813949362134
	},
	"eFGp":0.365,
	"pos":"SG",
	"threeP":0.6,
	"threePA":2.6,
	"threePp":0.231,
	"twoP":1.0,
	"twoPA":2.6,
	"twoPp":0.385
}