{
	"AST":2.7,
	"BLK":0.7,
	"DRB":5.9,
	"FG":5.8,
	"FGA":9.7,
	"FGp":0.594,
	"FT":3.2,
	"FTA":4.2,
	"FTp":0.763,
	"GS":18.0,
	"MP":34.1,
	"ORB":2.1,
	"PF":3.1,
	"PTS":14.8,
	"Player":"Bam Adebayo",
	"STL":1.0,
	"TOV":2.1,
	"TRB":8.0,
	"assessment":{
		"breaking":0.7811478057086662,
		"defensive":0.8125295761527721,
		"leading":0.40129652704242,
		"rebounding":0.8134232124464947,
		"shooting":0.812721547067288
	},
	"eFGp":0.594,
	"pos":"C",
	"threeP":0.0,
	"threePA":0.1,
	"threePp":0.0,
	"twoP":5.8,
	"twoPA":9.7,
	"twoPp":0.598
}