{
	"AST":0.6,
	"BLK":0.2,
	"DRB":1.2,
	"FG":1.2,
	"FGA":1.9,
	"FGp":0.647,
	"FT":0.3,
	"FTA":0.7,
	"FTp":0.5,
	"GS":0.0,
	"MP":9.6,
	"ORB":0.9,
	"PF":1.4,
	"PTS":2.8,
	"Player":"Bismack Biyombo",
	"STL":0.1,
	"TOV":0.7,
	"TRB":2.1,
	"assessment":{
		"breaking":0.5000000000000001,
		"defensive":0.2941289337531449,
		"leading":0.5188339681078136,
		"rebounding":0.5880195977401123,
		"shooting":0.814183684020334
	},
	"eFGp":0.647,
	"pos":"C",
	"threeP":0.0,
	"threePA":0.0,
	"threePp":0.0,
	"twoP":1.2,
	"twoPA":1.9,
	"twoPp":0.647
}