{
	"AST":2.0,
	"BLK":0.5,
	"DRB":1.0,
	"FG":1.0,
	"FGA":3.5,
	"FGp":0.286,
	"FT":1.0,
	"FTA":1.0,
	"FTp":1.0,
	"GS":0.0,
	"MP":12.5,
	"ORB":1.0,
	"PF":1.5,
	"PTS":4.0,
	"Player":"Blake Griffin",
	"STL":0.5,
	"TOV":0.5,
	"TRB":2.0,
	"assessment":{
		"breaking":0.5799810585874302,
		"defensive":0.47815789473684267,
		"leading":0.7000000000000004,
		"rebounding":0.5643748341759628,
		"shooting":0.5460929453407252
	},
	"eFGp":0.429,
	"pos":"PF",
	"threeP":1.0,
	"threePA":2.5,
	"threePp":0.4,
	"twoP":0.0,
	"twoPA":1.0,
	"twoPp":0.0
}