{
	"AST":0.0,
	"BLK":0.0,
	"DRB":1.0,
	"FG":0.3,
	"FGA":1.3,
	"FGp":0.25,
	"FT":0.7,
	"FTA":0.7,
	"FTp":1.0,
	"GS":0.0,
	"MP":2.0,
	"ORB":0.0,
	"PF":0.0,
	"PTS":1.3,
	"Player":"Boban Marjanovi?",
	"STL":0.3,
	"TOV":0.7,
	"TRB":1.0,
	"assessment":{
		"breaking":0.5000000000000001,
		"defensive":0.18694797956339995,
		"leading":0.29153759385219563,
		"rebounding":0.2999999999999998,
		"shooting":0.18561983082706823
	},
	"eFGp":0.25,
	"pos":"C",
	"threeP":0.0,
	"threePA":0.0,
	"threePp":0.0,
	"twoP":0.3,
	"twoPA":1.3,
	"twoPp":0.25
}