{
	"AST":0.8,
	"BLK":0.3,
	"DRB":7.9,
	"FG":4.0,
	"FGA":9.6,
	"FGp":0.417,
	"FT":1.4,
	"FTA":1.8,
	"FTp":0.773,
	"GS":5.0,
	"MP":24.8,
	"ORB":2.1,
	"PF":2.2,
	"PTS":10.6,
	"Player":"Bobby Portis",
	"STL":0.4,
	"TOV":1.3,
	"TRB":10.0,
	"assessment":{
		"breaking":0.7000000000000015,
		"defensive":0.7053115577889452,
		"leading":0.4999999999999999,
		"rebounding":0.8134232124464947,
		"shooting":0.589395482475541
	},
	"eFGp":0.478,
	"pos":"C",
	"threeP":1.2,
	"threePA":3.9,
	"threePp":0.298,
	"twoP":2.8,
	"twoPA":5.7,
	"twoPp":0.5
}