{
	"AST":3.0,
	"BLK":0.3,
	"DRB":3.8,
	"FG":5.0,
	"FGA":12.3,
	"FGp":0.408,
	"FT":2.0,
	"FTA":2.5,
	"FTp":0.8,
	"GS":0.0,
	"MP":26.8,
	"ORB":1.0,
	"PF":3.0,
	"PTS":14.3,
	"Player":"Bogdan Bogdanovi?",
	"STL":0.3,
	"TOV":1.0,
	"TRB":4.8,
	"assessment":{
		"breaking":0.7000000000000004,
		"defensive":0.5821028498020604,
		"leading":0.6010129373920543,
		"rebounding":0.7000000000000004,
		"shooting":0.5360714367081286
	},
	"eFGp":0.5,
	"pos":"SG",
	"threeP":2.3,
	"threePA":6.5,
	"threePp":0.346,
	"twoP":2.8,
	"twoPA":5.8,
	"twoPp":0.478
}