{
	"AST":1.7,
	"BLK":0.0,
	"DRB":3.7,
	"FG":6.5,
	"FGA":13.5,
	"FGp":0.481,
	"FT":3.2,
	"FTA":4.0,
	"FTp":0.792,
	"GS":6.0,
	"MP":35.7,
	"ORB":0.5,
	"PF":4.0,
	"PTS":18.0,
	"Player":"Bojan Bogdanovi?",
	"STL":0.3,
	"TOV":2.0,
	"TRB":4.2,
	"assessment":{
		"breaking":0.7722326192838688,
		"defensive":0.337837446141794,
		"leading":0.37010223866525527,
		"rebounding":0.7000000000000004,
		"shooting":0.804606785776712
	},
	"eFGp":0.549,
	"pos":"PF",
	"threeP":1.8,
	"threePA":5.5,
	"threePp":0.333,
	"twoP":4.7,
	"twoPA":8.0,
	"twoPp":0.583
}