{
	"AST":3.2,
	"BLK":0.0,
	"DRB":1.8,
	"FG":2.6,
	"FGA":7.2,
	"FGp":0.361,
	"FT":2.4,
	"FTA":2.8,
	"FTp":0.857,
	"GS":0.0,
	"MP":17.4,
	"ORB":0.2,
	"PF":2.4,
	"PTS":9.2,
	"Player":"Bones Hyland",
	"STL":0.2,
	"TOV":1.2,
	"TRB":2.0,
	"assessment":{
		"breaking":0.7209340173003465,
		"defensive":0.2867239172511623,
		"leading":0.5332474640508236,
		"rebounding":0.45676180498529584,
		"shooting":0.4342842883112892
	},
	"eFGp":0.472,
	"pos":"PG",
	"threeP":1.6,
	"threePA":4.6,
	"threePp":0.348,
	"twoP":1.0,
	"twoPA":2.6,
	"twoPp":0.385
}