{
	"AST":6.2,
	"BLK":0.3,
	"DRB":5.5,
	"FG":9.3,
	"FGA":19.7,
	"FGp":0.475,
	"FT":6.5,
	"FTA":7.8,
	"FTp":0.83,
	"GS":6.0,
	"MP":39.3,
	"ORB":0.7,
	"PF":1.8,
	"PTS":27.0,
	"Player":"Brandon Ingram",
	"STL":0.7,
	"TOV":3.8,
	"TRB":6.2,
	"assessment":{
		"breaking":0.8191169550305606,
		"defensive":0.7053358647401309,
		"leading":0.5065322012578606,
		"rebounding":0.8126342517279552,
		"shooting":0.7548623747595395
	},
	"eFGp":0.521,
	"pos":"SF",
	"threeP":1.8,
	"threePA":4.5,
	"threePp":0.407,
	"twoP":7.5,
	"twoPA":15.2,
	"twoPp":0.495
}