{
	"AST":2.0,
	"BLK":0.8,
	"DRB":3.8,
	"FG":4.7,
	"FGA":7.6,
	"FGp":0.615,
	"FT":3.0,
	"FTA":4.5,
	"FTp":0.667,
	"GS":0.0,
	"MP":24.7,
	"ORB":3.1,
	"PF":1.9,
	"PTS":12.3,
	"Player":"Brandon Clarke",
	"STL":0.8,
	"TOV":1.0,
	"TRB":6.9,
	"assessment":{
		"breaking":0.7920544377620264,
		"defensive":0.8125295761527721,
		"leading":0.6010129373920543,
		"rebounding":0.8125295761527721,
		"shooting":0.8131256489718749
	},
	"eFGp":0.615,
	"pos":"PF",
	"threeP":0.0,
	"threePA":0.1,
	"threePp":0.0,
	"twoP":4.7,
	"twoPA":7.5,
	"twoPp":0.622
}