{
	"AST":0.7,
	"BLK":1.5,
	"DRB":3.7,
	"FG":4.2,
	"FGA":8.5,
	"FGp":0.49,
	"FT":1.8,
	"FTA":1.9,
	"FTp":0.913,
	"GS":12.0,
	"MP":27.7,
	"ORB":2.3,
	"PF":2.8,
	"PTS":10.6,
	"Player":"Brook Lopez",
	"STL":0.5,
	"TOV":0.9,
	"TRB":5.9,
	"assessment":{
		"breaking":0.700000000000001,
		"defensive":0.8125295761527721,
		"leading":0.5825322180539938,
		"rebounding":0.8125295761527721,
		"shooting":0.8172306690152187
	},
	"eFGp":0.52,
	"pos":"C",
	"threeP":0.5,
	"threePA":2.3,
	"threePp":0.214,
	"twoP":3.7,
	"twoPA":6.2,
	"twoPp":0.595
}