{
	"AST":2.8,
	"BLK":0.8,
	"DRB":3.3,
	"FG":5.3,
	"FGA":9.3,
	"FGp":0.568,
	"FT":2.0,
	"FTA":2.5,
	"FTp":0.8,
	"GS":4.0,
	"MP":34.8,
	"ORB":1.5,
	"PF":4.0,
	"PTS":14.0,
	"Player":"Bruce Brown",
	"STL":1.3,
	"TOV":2.3,
	"TRB":4.8,
	"assessment":{
		"breaking":0.7000000000000004,
		"defensive":0.8143249155114045,
		"leading":0.36509913521366516,
		"rebounding":0.7524599935817365,
		"shooting":0.8125307365884604
	},
	"eFGp":0.649,
	"pos":"SF",
	"threeP":1.5,
	"threePA":3.5,
	"threePp":0.429,
	"twoP":3.8,
	"twoPA":5.8,
	"twoPp":0.652
}