{
	"AST":1.4,
	"BLK":0.0,
	"DRB":0.4,
	"FG":1.2,
	"FGA":3.0,
	"FGp":0.4,
	"FT":0.8,
	"FTA":1.0,
	"FTp":0.8,
	"GS":0.0,
	"MP":15.2,
	"ORB":0.2,
	"PF":1.4,
	"PTS":4.0,
	"Player":"Bryn Forbes",
	"STL":0.2,
	"TOV":0.4,
	"TRB":0.6,
	"assessment":{
		"breaking":0.49999999999999956,
		"defensive":0.18144130540672113,
		"leading":0.5842226017265959,
		"rebounding":0.194675704788536,
		"shooting":0.5973387626318691
	},
	"eFGp":0.533,
	"pos":"SG",
	"threeP":0.8,
	"threePA":2.2,
	"threePp":0.364,
	"twoP":0.4,
	"twoPA":0.8,
	"twoPp":0.5
}