{
	"AST":0.3,
	"BLK":0.1,
	"DRB":1.5,
	"FG":1.9,
	"FGA":4.7,
	"FGp":0.4,
	"FT":0.1,
	"FTA":0.4,
	"FTp":0.333,
	"GS":0.0,
	"MP":12.3,
	"ORB":0.7,
	"PF":1.0,
	"PTS":4.5,
	"Player":"Caleb Martin",
	"STL":0.6,
	"TOV":0.6,
	"TRB":2.2,
	"assessment":{
		"breaking":0.2999999999999998,
		"defensive":0.28731268707349816,
		"leading":0.4025713530162085,
		"rebounding":0.5000000000000004,
		"shooting":0.41568505000255185
	},
	"eFGp":0.463,
	"pos":"SF",
	"threeP":0.6,
	"threePA":1.9,
	"threePp":0.303,
	"twoP":1.3,
	"twoPA":2.8,
	"twoPp":0.468
}