{
	"AST":1.5,
	"BLK":0.1,
	"DRB":2.8,
	"FG":3.5,
	"FGA":7.6,
	"FGp":0.465,
	"FT":2.0,
	"FTA":2.5,
	"FTp":0.813,
	"GS":3.0,
	"MP":24.6,
	"ORB":0.7,
	"PF":2.4,
	"PTS":10.8,
	"Player":"Cameron Johnson",
	"STL":0.4,
	"TOV":0.9,
	"TRB":3.5,
	"assessment":{
		"breaking":0.7000000000000004,
		"defensive":0.4192689288427447,
		"leading":0.5000000000000003,
		"rebounding":0.5253679154027453,
		"shooting":0.7150181791917526
	},
	"eFGp":0.576,
	"pos":"PF",
	"threeP":1.7,
	"threePA":4.5,
	"threePp":0.373,
	"twoP":1.8,
	"twoPA":3.1,
	"twoPp":0.6
}