{
	"AST":2.1,
	"BLK":0.1,
	"DRB":1.4,
	"FG":1.7,
	"FGA":5.7,
	"FGp":0.297,
	"FT":0.4,
	"FTA":0.5,
	"FTp":0.833,
	"GS":0.0,
	"MP":13.2,
	"ORB":0.2,
	"PF":1.9,
	"PTS":4.2,
	"Player":"Cameron Payne",
	"STL":0.5,
	"TOV":1.0,
	"TRB":1.5,
	"assessment":{
		"breaking":0.5116603507066532,
		"defensive":0.20308220304151364,
		"leading":0.6009527511134684,
		"rebounding":0.2999999999999998,
		"shooting":0.22800747059122226
	},
	"eFGp":0.331,
	"pos":"PG",
	"threeP":0.4,
	"threePA":2.3,
	"threePp":0.167,
	"twoP":1.3,
	"twoPA":3.4,
	"twoPp":0.386
}