{
	"AST":0.3,
	"BLK":0.3,
	"DRB":1.3,
	"FG":0.3,
	"FGA":0.7,
	"FGp":0.5,
	"FT":0.0,
	"FTA":0.3,
	"FTp":0.0,
	"GS":0.0,
	"MP":4.0,
	"ORB":0.3,
	"PF":0.3,
	"PTS":0.7,
	"Player":"Charles Bassey",
	"STL":0.0,
	"TOV":0.0,
	"TRB":1.7,
	"assessment":{
		"breaking":0.2999999999999998,
		"defensive":0.31090427666591003,
		"leading":0.6611424351821469,
		"rebounding":0.30000000000000027,
		"shooting":0.337837446141794
	},
	"eFGp":0.5,
	"pos":"PF",
	"threeP":0.0,
	"threePA":0.0,
	"threePp":0.0,
	"twoP":0.3,
	"twoPA":0.7,
	"twoPp":0.5
}