{
	"AST":0.2,
	"BLK":1.2,
	"DRB":3.8,
	"FG":4.3,
	"FGA":7.0,
	"FGp":0.619,
	"FT":1.5,
	"FTA":1.7,
	"FTp":0.9,
	"GS":0.0,
	"MP":21.7,
	"ORB":2.0,
	"PF":2.2,
	"PTS":11.2,
	"Player":"Chris Boucher",
	"STL":0.2,
	"TOV":0.3,
	"TRB":5.8,
	"assessment":{
		"breaking":0.6129425287356276,
		"defensive":0.8125295761527721,
		"leading":0.4327443049744302,
		"rebounding":0.8125295761527721,
		"shooting":0.8132283969161023
	},
	"eFGp":0.69,
	"pos":"PF",
	"threeP":1.0,
	"threePA":2.5,
	"threePp":0.4,
	"twoP":3.3,
	"twoPA":4.5,
	"twoPp":0.741
}