{
	"AST":8.3,
	"BLK":0.2,
	"DRB":3.6,
	"FG":6.7,
	"FGA":11.9,
	"FGp":0.561,
	"FT":2.7,
	"FTA":2.8,
	"FTp":0.946,
	"GS":13.0,
	"MP":34.5,
	"ORB":0.5,
	"PF":3.1,
	"PTS":17.5,
	"Player":"Chris Paul",
	"STL":1.5,
	"TOV":2.4,
	"TRB":4.2,
	"assessment":{
		"breaking":0.8125295761527721,
		"defensive":0.7053115577889452,
		"leading":0.5142261196642249,
		"rebounding":0.7000000000000004,
		"shooting":0.8125295761527721
	},
	"eFGp":0.623,
	"pos":"PG",
	"threeP":1.5,
	"threePA":3.8,
	"threePp":0.388,
	"twoP":5.2,
	"twoPA":8.2,
	"twoPp":0.642
}