{
	"AST":4.8,
	"BLK":0.8,
	"DRB":4.8,
	"FG":8.2,
	"FGA":20.8,
	"FGp":0.392,
	"FT":3.0,
	"FTA":4.3,
	"FTp":0.692,
	"GS":6.0,
	"MP":39.0,
	"ORB":1.8,
	"PF":2.5,
	"PTS":22.2,
	"Player":"CJ McCollum",
	"STL":0.7,
	"TOV":2.5,
	"TRB":6.7,
	"assessment":{
		"breaking":0.8075379211681829,
		"defensive":0.8125789669882372,
		"leading":0.4877920959103968,
		"rebounding":0.8018939048514901,
		"shooting":0.41789715019793927
	},
	"eFGp":0.46,
	"pos":"SG",
	"threeP":2.8,
	"threePA":8.5,
	"threePp":0.333,
	"twoP":5.3,
	"twoPA":12.3,
	"twoPp":0.432
}