{
	"AST":0.0,
	"BLK":0.5,
	"DRB":5.5,
	"FG":1.0,
	"FGA":3.0,
	"FGp":0.333,
	"FT":0.0,
	"FTA":0.0,
	"FTp":0.0,
	"GS":2.0,
	"MP":20.0,
	"ORB":2.0,
	"PF":1.0,
	"PTS":2.0,
	"Player":"Clint Capela",
	"STL":0.5,
	"TOV":0.5,
	"TRB":7.5,
	"assessment":{
		"breaking":0.14065275257108295,
		"defensive":0.8125295761527721,
		"leading":0.337837446141794,
		"rebounding":0.8131213517806789,
		"shooting":0.18694797956339995
	},
	"eFGp":0.333,
	"pos":"C",
	"threeP":0.0,
	"threePA":0.0,
	"threePp":0.0,
	"twoP":1.0,
	"twoPA":3.0,
	"twoPp":0.333
}