{
	"AST":1.8,
	"BLK":0.0,
	"DRB":3.4,
	"FG":3.0,
	"FGA":9.0,
	"FGp":0.333,
	"FT":0.8,
	"FTA":1.0,
	"FTp":0.8,
	"GS":0.0,
	"MP":19.6,
	"ORB":0.0,
	"PF":1.0,
	"PTS":8.4,
	"Player":"Coby White",
	"STL":0.2,
	"TOV":1.2,
	"TRB":3.4,
	"assessment":{
		"breaking":0.565149994902209,
		"defensive":0.33770377607952085,
		"leading":0.4808579411603529,
		"rebounding":0.5882152857471148,
		"shooting":0.41280791236566566
	},
	"eFGp":0.422,
	"pos":"PG",
	"threeP":1.6,
	"threePA":5.8,
	"threePp":0.276,
	"twoP":1.4,
	"twoPA":3.2,
	"twoPp":0.438
}