{
	"AST":6.7,
	"BLK":0.0,
	"DRB":2.5,
	"FG":4.0,
	"FGA":12.0,
	"FGp":0.333,
	"FT":2.0,
	"FTA":2.7,
	"FTp":0.75,
	"GS":6.0,
	"MP":32.7,
	"ORB":0.0,
	"PF":2.8,
	"PTS":12.0,
	"Player":"D'Angelo Russell",
	"STL":1.5,
	"TOV":2.8,
	"TRB":2.5,
	"assessment":{
		"breaking":0.8125295761527721,
		"defensive":0.49932408227270636,
		"leading":0.5006443366131524,
		"rebounding":0.49999999999999956,
		"shooting":0.6613667059285441
	},
	"eFGp":0.417,
	"pos":"PG",
	"threeP":2.0,
	"threePA":5.2,
	"threePp":0.387,
	"twoP":2.0,
	"twoPA":6.8,
	"twoPp":0.293
}