{
	"AST":0.3,
	"BLK":0.1,
	"DRB":1.2,
	"FG":1.2,
	"FGA":3.1,
	"FGp":0.4,
	"FT":0.6,
	"FTA":0.7,
	"FTp":0.833,
	"GS":0.0,
	"MP":10.7,
	"ORB":0.2,
	"PF":1.4,
	"PTS":4.1,
	"Player":"D?vis Bert?ns",
	"STL":0.4,
	"TOV":0.2,
	"TRB":1.4,
	"assessment":{
		"breaking":0.5000000000000001,
		"defensive":0.18694797956339995,
		"leading":0.49999999999999983,
		"rebounding":0.2999999999999998,
		"shooting":0.6772171496277819
	},
	"eFGp":0.573,
	"pos":"PF",
	"threeP":1.1,
	"threePA":2.8,
	"threePp":0.373,
	"twoP":0.2,
	"twoPA":0.2,
	"twoPp":0.75
}