{
	"AST":0.3,
	"BLK":0.0,
	"DRB":0.0,
	"FG":0.5,
	"FGA":0.5,
	"FGp":1.0,
	"FT":0.8,
	"FTA":1.5,
	"FTp":0.5,
	"GS":0.0,
	"MP":2.0,
	"ORB":0.5,
	"PF":0.0,
	"PTS":1.8,
	"Player":"Dalano Banton",
	"STL":0.3,
	"TOV":0.3,
	"TRB":0.5,
	"assessment":{
		"breaking":0.5000000000000013,
		"defensive":0.14065275257108295,
		"leading":0.49999999999999983,
		"rebounding":0.1799410749506902,
		"shooting":0.8588348512446874
	},
	"eFGp":1.0,
	"pos":"PG",
	"threeP":0.0,
	"threePA":0.0,
	"threePp":0.0,
	"twoP":0.5,
	"twoPA":0.5,
	"twoPp":1.0
}