{
	"AST":0.5,
	"BLK":0.0,
	"DRB":1.6,
	"FG":1.0,
	"FGA":2.4,
	"FGp":0.419,
	"FT":0.2,
	"FTA":0.2,
	"FTp":0.667,
	"GS":0.0,
	"MP":9.0,
	"ORB":0.4,
	"PF":0.6,
	"PTS":2.5,
	"Player":"Damion Lee",
	"STL":0.1,
	"TOV":0.5,
	"TRB":2.0,
	"assessment":{
		"breaking":0.2999999999999998,
		"defensive":0.2517974762240858,
		"leading":0.4714285714285714,
		"rebounding":0.4395301194983299,
		"shooting":0.5865485091568359
	},
	"eFGp":0.484,
	"pos":"SG",
	"threeP":0.3,
	"threePA":1.0,
	"threePp":0.308,
	"twoP":0.7,
	"twoPA":1.4,
	"twoPp":0.5
}