{
	"AST":0.7,
	"BLK":0.5,
	"DRB":2.3,
	"FG":2.0,
	"FGA":3.3,
	"FGp":0.6,
	"FT":0.4,
	"FTA":0.5,
	"FTp":0.75,
	"GS":5.0,
	"MP":12.4,
	"ORB":0.9,
	"PF":1.7,
	"PTS":4.6,
	"Player":"Daniel Theis",
	"STL":0.3,
	"TOV":0.7,
	"TRB":3.1,
	"assessment":{
		"breaking":0.2999999999999995,
		"defensive":0.7078433383588506,
		"leading":0.5821028498020604,
		"rebounding":0.5821028498020604,
		"shooting":0.8128140402461966
	},
	"eFGp":0.63,
	"pos":"C",
	"threeP":0.2,
	"threePA":0.9,
	"threePp":0.231,
	"twoP":1.8,
	"twoPA":2.5,
	"twoPp":0.73
}