{
	"AST":0.8,
	"BLK":0.0,
	"DRB":3.8,
	"FG":3.6,
	"FGA":9.0,
	"FGp":0.4,
	"FT":2.2,
	"FTA":2.2,
	"FTp":1.0,
	"GS":3.0,
	"MP":22.4,
	"ORB":0.4,
	"PF":1.2,
	"PTS":10.2,
	"Player":"Danilo Gallinari",
	"STL":0.2,
	"TOV":1.0,
	"TRB":4.2,
	"assessment":{
		"breaking":0.7000000000000004,
		"defensive":0.337837446141794,
		"leading":0.49999999999999956,
		"rebounding":0.7000000000000004,
		"shooting":0.4113723064720657
	},
	"eFGp":0.444,
	"pos":"PF",
	"threeP":0.8,
	"threePA":3.0,
	"threePp":0.267,
	"twoP":2.8,
	"twoPA":6.0,
	"twoPp":0.467
}