{
	"AST":0.8,
	"BLK":0.3,
	"DRB":2.3,
	"FG":3.0,
	"FGA":7.4,
	"FGp":0.404,
	"FT":0.0,
	"FTA":0.1,
	"FTp":0.0,
	"GS":12.0,
	"MP":26.6,
	"ORB":0.8,
	"PF":1.9,
	"PTS":8.6,
	"Player":"Danny Green",
	"STL":1.0,
	"TOV":1.1,
	"TRB":3.1,
	"assessment":{
		"breaking":0.4033151438240269,
		"defensive":0.7078433383588506,
		"leading":0.5354780602746618,
		"rebounding":0.5663332342537822,
		"shooting":0.6960780897610661
	},
	"eFGp":0.579,
	"pos":"SF",
	"threeP":2.6,
	"threePA":6.3,
	"threePp":0.408,
	"twoP":0.4,
	"twoPA":1.1,
	"twoPp":0.385
}