{
	"AST":0.7,
	"BLK":0.2,
	"DRB":2.5,
	"FG":1.5,
	"FGA":3.7,
	"FGp":0.409,
	"FT":1.0,
	"FTA":1.3,
	"FTp":0.75,
	"GS":0.0,
	"MP":18.7,
	"ORB":0.3,
	"PF":1.2,
	"PTS":4.3,
	"Player":"Danuel House Jr.",
	"STL":0.0,
	"TOV":1.0,
	"TRB":2.8,
	"assessment":{
		"breaking":0.49999999999999956,
		"defensive":0.49999999999999956,
		"leading":0.49999999999999944,
		"rebounding":0.49999999999999956,
		"shooting":0.7270905142191113
	},
	"eFGp":0.455,
	"pos":"SF",
	"threeP":0.3,
	"threePA":1.7,
	"threePp":0.2,
	"twoP":1.2,
	"twoPA":2.0,
	"twoPp":0.583
}