{
	"AST":0.6,
	"BLK":0.2,
	"DRB":3.4,
	"FG":7.8,
	"FGA":14.0,
	"FGp":0.557,
	"FT":3.2,
	"FTA":4.0,
	"FTp":0.8,
	"GS":5.0,
	"MP":35.0,
	"ORB":0.4,
	"PF":4.0,
	"PTS":21.2,
	"Player":"De'Andre Hunter",
	"STL":0.8,
	"TOV":2.2,
	"TRB":3.8,
	"assessment":{
		"breaking":0.7722264592741374,
		"defensive":0.705313144472936,
		"leading":0.382116202381006,
		"rebounding":0.6319669941903162,
		"shooting":0.8125295761527721
	},
	"eFGp":0.643,
	"pos":"SF",
	"threeP":2.4,
	"threePA":5.2,
	"threePp":0.462,
	"twoP":5.4,
	"twoPA":8.8,
	"twoPp":0.614
}