{
	"AST":1.6,
	"BLK":0.5,
	"DRB":2.2,
	"FG":2.1,
	"FGA":6.5,
	"FGp":0.323,
	"FT":0.3,
	"FTA":0.4,
	"FTp":0.75,
	"GS":0.0,
	"MP":17.0,
	"ORB":0.9,
	"PF":0.9,
	"PTS":5.6,
	"Player":"De'Anthony Melton",
	"STL":1.0,
	"TOV":1.4,
	"TRB":3.1,
	"assessment":{
		"breaking":0.49999999999999983,
		"defensive":0.7078433383588506,
		"leading":0.49999999999999784,
		"rebounding":0.5821028498020604,
		"shooting":0.4180948167075472
	},
	"eFGp":0.408,
	"pos":"SG",
	"threeP":1.1,
	"threePA":4.4,
	"threePp":0.25,
	"twoP":1.0,
	"twoPA":2.1,
	"twoPp":0.476
}