{
	"AST":1.7,
	"BLK":0.8,
	"DRB":6.4,
	"FG":8.1,
	"FGA":12.6,
	"FGp":0.64,
	"FT":1.6,
	"FTA":2.5,
	"FTp":0.636,
	"GS":13.0,
	"MP":30.5,
	"ORB":2.5,
	"PF":2.6,
	"PTS":17.9,
	"Player":"Deandre Ayton",
	"STL":0.4,
	"TOV":1.5,
	"TRB":8.9,
	"assessment":{
		"breaking":0.7000000000000004,
		"defensive":0.8125295761527721,
		"leading":0.5000000000000027,
		"rebounding":0.8152805512105883,
		"shooting":0.8139058344800963
	},
	"eFGp":0.646,
	"pos":"C",
	"threeP":0.2,
	"threePA":0.3,
	"threePp":0.5,
	"twoP":7.9,
	"twoPA":12.3,
	"twoPp":0.644
}