{
	"AST":0.3,
	"BLK":0.7,
	"DRB":2.0,
	"FG":1.7,
	"FGA":1.7,
	"FGp":1.0,
	"FT":0.0,
	"FTA":0.0,
	"FTp":0.0,
	"GS":2.0,
	"MP":10.3,
	"ORB":0.3,
	"PF":1.3,
	"PTS":3.3,
	"Player":"DeAndre Jordan",
	"STL":0.0,
	"TOV":0.7,
	"TRB":2.3,
	"assessment":{
		"breaking":0.14065275257108295,
		"defensive":0.7078433383588506,
		"leading":0.41789715019793927,
		"rebounding":0.49999999999999956,
		"shooting":0.49909090909091003
	},
	"eFGp":1.0,
	"pos":"C",
	"threeP":0.0,
	"threePA":0.0,
	"threePp":0.0,
	"twoP":1.7,
	"twoPA":1.7,
	"twoPp":1.0
}