{
	"AST":2.8,
	"BLK":0.2,
	"DRB":2.6,
	"FG":3.0,
	"FGA":5.8,
	"FGp":0.517,
	"FT":1.2,
	"FTA":1.8,
	"FTp":0.667,
	"GS":0.0,
	"MP":27.4,
	"ORB":2.2,
	"PF":0.4,
	"PTS":8.2,
	"Player":"Delon Wright",
	"STL":0.8,
	"TOV":1.0,
	"TRB":4.8,
	"assessment":{
		"breaking":0.7000000000000004,
		"defensive":0.7078433383588506,
		"leading":0.6010129373920543,
		"rebounding":0.8125295761527721,
		"shooting":0.8125295761527721
	},
	"eFGp":0.603,
	"pos":"SG",
	"threeP":1.0,
	"threePA":2.6,
	"threePp":0.385,
	"twoP":2.0,
	"twoPA":3.2,
	"twoPp":0.625
}