{
	"AST":1.2,
	"BLK":0.2,
	"DRB":2.8,
	"FG":3.8,
	"FGA":5.8,
	"FGp":0.655,
	"FT":2.2,
	"FTA":3.0,
	"FTp":0.733,
	"GS":0.0,
	"MP":11.4,
	"ORB":0.6,
	"PF":1.8,
	"PTS":10.6,
	"Player":"DeMarcus Cousins",
	"STL":0.6,
	"TOV":1.4,
	"TRB":3.4,
	"assessment":{
		"breaking":0.7019207030184591,
		"defensive":0.49999999999999956,
		"leading":0.41789715019793927,
		"rebounding":0.4999999999999989,
		"shooting":0.8145347016391735
	},
	"eFGp":0.724,
	"pos":"C",
	"threeP":0.8,
	"threePA":1.2,
	"threePp":0.667,
	"twoP":3.0,
	"twoPA":4.6,
	"twoPp":0.652
}