{
	"AST":4.8,
	"BLK":0.4,
	"DRB":5.2,
	"FG":7.8,
	"FGA":19.0,
	"FGp":0.411,
	"FT":5.2,
	"FTA":6.0,
	"FTp":0.867,
	"GS":5.0,
	"MP":40.6,
	"ORB":0.2,
	"PF":2.4,
	"PTS":20.8,
	"Player":"DeMar DeRozan",
	"STL":1.8,
	"TOV":2.2,
	"TRB":5.4,
	"assessment":{
		"breaking":0.8125295761527721,
		"defensive":0.8128798995153613,
		"leading":0.5383409150774251,
		"rebounding":0.8087583660455158,
		"shooting":0.4929846493239691
	},
	"eFGp":0.411,
	"pos":"PF",
	"threeP":0.0,
	"threePA":1.8,
	"threePp":0.0,
	"twoP":7.8,
	"twoPA":17.2,
	"twoPp":0.453
}