{
	"AST":2.8,
	"BLK":0.6,
	"DRB":3.1,
	"FG":2.9,
	"FGA":7.3,
	"FGp":0.394,
	"FT":1.8,
	"FTA":2.3,
	"FTp":0.805,
	"GS":3.0,
	"MP":25.4,
	"ORB":0.4,
	"PF":2.2,
	"PTS":8.8,
	"Player":"Derrick White",
	"STL":0.9,
	"TOV":1.2,
	"TRB":3.4,
	"assessment":{
		"breaking":0.7000000000000004,
		"defensive":0.7914981686083987,
		"leading":0.5117647058823527,
		"rebounding":0.5708128483426175,
		"shooting":0.41477554904900477
	},
	"eFGp":0.473,
	"pos":"SG",
	"threeP":1.2,
	"threePA":3.7,
	"threePp":0.318,
	"twoP":1.7,
	"twoPA":3.7,
	"twoPp":0.47
}