{
	"AST":0.4,
	"BLK":0.0,
	"DRB":0.8,
	"FG":1.4,
	"FGA":3.4,
	"FGp":0.412,
	"FT":0.4,
	"FTA":0.6,
	"FTp":0.667,
	"GS":0.0,
	"MP":11.8,
	"ORB":0.6,
	"PF":1.6,
	"PTS":3.8,
	"Player":"Derrick Jones Jr.",
	"STL":0.2,
	"TOV":0.6,
	"TRB":1.4,
	"assessment":{
		"breaking":0.2999999999999999,
		"defensive":0.18694797956339995,
		"leading":0.4025713530162085,
		"rebounding":0.4174677819460067,
		"shooting":0.7383373432779127
	},
	"eFGp":0.5,
	"pos":"PF",
	"threeP":0.6,
	"threePA":2.2,
	"threePp":0.273,
	"twoP":0.8,
	"twoPA":1.2,
	"twoPp":0.667
}