{
	"AST":2.2,
	"BLK":0.8,
	"DRB":3.3,
	"FG":6.3,
	"FGA":13.3,
	"FGp":0.478,
	"FT":2.5,
	"FTA":2.9,
	"FTp":0.857,
	"GS":12.0,
	"MP":35.7,
	"ORB":0.4,
	"PF":1.9,
	"PTS":18.8,
	"Player":"Desmond Bane",
	"STL":0.9,
	"TOV":1.3,
	"TRB":3.8,
	"assessment":{
		"breaking":0.7000000000000004,
		"defensive":0.8143249155114045,
		"leading":0.49999999999999983,
		"rebounding":0.6300967482650374,
		"shooting":0.7707042919972737
	},
	"eFGp":0.613,
	"pos":"SF",
	"threeP":3.6,
	"threePA":7.3,
	"threePp":0.489,
	"twoP":2.8,
	"twoPA":5.9,
	"twoPp":0.465
}