{
	"AST":4.4,
	"BLK":0.4,
	"DRB":3.8,
	"FG":7.9,
	"FGA":17.5,
	"FGp":0.451,
	"FT":4.7,
	"FTA":5.3,
	"FTp":0.887,
	"GS":10.0,
	"MP":36.6,
	"ORB":1.0,
	"PF":2.5,
	"PTS":23.3,
	"Player":"Devin Booker",
	"STL":0.5,
	"TOV":3.2,
	"TRB":4.8,
	"assessment":{
		"breaking":0.8126294076108552,
		"defensive":0.8125295761527721,
		"leading":0.4623076525106068,
		"rebounding":0.7000000000000004,
		"shooting":0.7075578174256218
	},
	"eFGp":0.531,
	"pos":"SG",
	"threeP":2.8,
	"threePA":6.5,
	"threePp":0.431,
	"twoP":5.1,
	"twoPA":11.0,
	"twoPp":0.464
}