{
	"AST":0.7,
	"BLK":0.2,
	"DRB":1.2,
	"FG":1.0,
	"FGA":3.0,
	"FGp":0.333,
	"FT":1.2,
	"FTA":1.3,
	"FTp":0.875,
	"GS":0.0,
	"MP":10.0,
	"ORB":0.3,
	"PF":0.5,
	"PTS":4.0,
	"Player":"Devonte' Graham",
	"STL":0.2,
	"TOV":0.7,
	"TRB":1.5,
	"assessment":{
		"breaking":0.49999999999999956,
		"defensive":0.2941289337531449,
		"leading":0.49999999999999956,
		"rebounding":0.2999999999999998,
		"shooting":0.5214329123679625
	},
	"eFGp":0.472,
	"pos":"PG",
	"threeP":0.8,
	"threePA":2.3,
	"threePp":0.357,
	"twoP":0.2,
	"twoPA":0.7,
	"twoPp":0.25
}