{
	"AST":0.4,
	"BLK":0.2,
	"DRB":1.9,
	"FG":1.5,
	"FGA":3.2,
	"FGp":0.467,
	"FT":0.7,
	"FTA":0.9,
	"FTp":0.833,
	"GS":0.0,
	"MP":9.9,
	"ORB":1.1,
	"PF":2.6,
	"PTS":3.8,
	"Player":"Dewayne Dedmon",
	"STL":0.1,
	"TOV":0.5,
	"TRB":3.0,
	"assessment":{
		"breaking":0.49999999999999956,
		"defensive":0.49999999999999956,
		"leading":0.49999999999999983,
		"rebounding":0.5821028498020604,
		"shooting":0.6931582071126969
	},
	"eFGp":0.478,
	"pos":"C",
	"threeP":0.1,
	"threePA":0.7,
	"threePp":0.1,
	"twoP":1.4,
	"twoPA":2.5,
	"twoPp":0.571
}