{
	"AST":2.7,
	"BLK":0.3,
	"DRB":2.0,
	"FG":5.5,
	"FGA":15.6,
	"FGp":0.349,
	"FT":1.5,
	"FTA":2.3,
	"FTp":0.64,
	"GS":11.0,
	"MP":30.5,
	"ORB":0.7,
	"PF":3.3,
	"PTS":14.6,
	"Player":"Dillon Brooks",
	"STL":1.0,
	"TOV":2.0,
	"TRB":2.7,
	"assessment":{
		"breaking":0.7000000000000004,
		"defensive":0.7078433383588506,
		"leading":0.42232787161056523,
		"rebounding":0.49999999999999956,
		"shooting":0.4232198459452535
	},
	"eFGp":0.422,
	"pos":"SF",
	"threeP":2.3,
	"threePA":6.5,
	"threePp":0.347,
	"twoP":3.2,
	"twoPA":9.1,
	"twoPp":0.35
}