{
	"AST":5.7,
	"BLK":0.5,
	"DRB":3.3,
	"FG":8.8,
	"FGA":22.2,
	"FGp":0.398,
	"FT":6.2,
	"FTA":7.0,
	"FTp":0.881,
	"GS":6.0,
	"MP":38.2,
	"ORB":1.0,
	"PF":2.3,
	"PTS":25.5,
	"Player":"Donovan Mitchell",
	"STL":0.7,
	"TOV":2.7,
	"TRB":4.3,
	"assessment":{
		"breaking":0.8162313274130857,
		"defensive":0.8143249155114045,
		"leading":0.5003045097358023,
		"rebounding":0.7000000000000004,
		"shooting":0.4131234513932168
	},
	"eFGp":0.436,
	"pos":"SG",
	"threeP":1.7,
	"threePA":8.0,
	"threePp":0.208,
	"twoP":7.2,
	"twoPA":14.2,
	"twoPp":0.506
}