{
	"AST":1.9,
	"BLK":0.4,
	"DRB":3.7,
	"FG":4.1,
	"FGA":8.7,
	"FGp":0.471,
	"FT":0.9,
	"FTA":1.3,
	"FTp":0.708,
	"GS":18.0,
	"MP":38.2,
	"ORB":1.8,
	"PF":2.9,
	"PTS":11.7,
	"Player":"Dorian Finney-Smith",
	"STL":0.9,
	"TOV":1.0,
	"TRB":5.5,
	"assessment":{
		"breaking":0.5821028498020604,
		"defensive":0.8125295761527721,
		"leading":0.6010129373920543,
		"rebounding":0.7962173691047828,
		"shooting":0.7333790374031711
	},
	"eFGp":0.618,
	"pos":"PF",
	"threeP":2.6,
	"threePA":6.0,
	"threePp":0.426,
	"twoP":1.6,
	"twoPA":2.7,
	"twoPp":0.571
}