{
	"AST":6.2,
	"BLK":1.1,
	"DRB":6.3,
	"FG":3.4,
	"FGA":6.7,
	"FGp":0.5,
	"FT":1.4,
	"FTA":2.2,
	"FTp":0.605,
	"GS":17.0,
	"MP":30.8,
	"ORB":0.9,
	"PF":4.0,
	"PTS":8.4,
	"Player":"Draymond Green",
	"STL":1.0,
	"TOV":2.8,
	"TRB":7.2,
	"assessment":{
		"breaking":0.8125295761527721,
		"defensive":0.8125295761527721,
		"leading":0.5006443366131524,
		"rebounding":0.8125295761527721,
		"shooting":0.6969603537440836
	},
	"eFGp":0.526,
	"pos":"PF",
	"threeP":0.4,
	"threePA":1.6,
	"threePp":0.222,
	"twoP":3.0,
	"twoPA":5.1,
	"twoPp":0.586
}