{
	"AST":0.4,
	"BLK":0.1,
	"DRB":1.6,
	"FG":1.9,
	"FGA":4.4,
	"FGp":0.439,
	"FT":0.4,
	"FTA":0.5,
	"FTp":0.833,
	"GS":0.0,
	"MP":12.2,
	"ORB":0.2,
	"PF":1.7,
	"PTS":5.6,
	"Player":"Duncan Robinson",
	"STL":0.3,
	"TOV":0.2,
	"TRB":1.8,
	"assessment":{
		"breaking":0.2999999999999995,
		"defensive":0.36366258445809396,
		"leading":0.49999999999999983,
		"rebounding":0.40193694989437,
		"shooting":0.7078433383588506
	},
	"eFGp":0.596,
	"pos":"SG",
	"threeP":1.4,
	"threePA":3.6,
	"threePp":0.383,
	"twoP":0.5,
	"twoPA":0.8,
	"twoPp":0.7
}