{
	"AST":0.2,
	"BLK":0.3,
	"DRB":1.7,
	"FG":1.2,
	"FGA":1.9,
	"FGp":0.629,
	"FT":0.8,
	"FTA":1.3,
	"FTp":0.609,
	"GS":18.0,
	"MP":13.8,
	"ORB":0.9,
	"PF":2.2,
	"PTS":3.2,
	"Player":"Dwight Powell",
	"STL":0.2,
	"TOV":0.5,
	"TRB":2.6,
	"assessment":{
		"breaking":0.49999999999999956,
		"defensive":0.49999999999999956,
		"leading":0.4327443049744302,
		"rebounding":0.5821028498020604,
		"shooting":0.8135219363273397
	},
	"eFGp":0.629,
	"pos":"C",
	"threeP":0.0,
	"threePA":0.1,
	"threePp":0.0,
	"twoP":1.2,
	"twoPA":1.8,
	"twoPp":0.667
}