{
	"AST":0.0,
	"BLK":0.0,
	"DRB":1.0,
	"FG":0.8,
	"FGA":1.5,
	"FGp":0.5,
	"FT":0.3,
	"FTA":0.3,
	"FTp":1.0,
	"GS":0.0,
	"MP":6.0,
	"ORB":0.3,
	"PF":0.8,
	"PTS":2.0,
	"Player":"Eric Paschall",
	"STL":0.3,
	"TOV":0.0,
	"TRB":1.3,
	"assessment":{
		"breaking":0.2999999999999998,
		"defensive":0.18694797956339995,
		"leading":0.5202631578947374,
		"rebounding":0.2999999999999998,
		"shooting":0.8125295761527721
	},
	"eFGp":0.583,
	"pos":"PF",
	"threeP":0.3,
	"threePA":0.5,
	"threePp":0.5,
	"twoP":0.5,
	"twoPA":1.0,
	"twoPp":0.5
}