{
	"AST":0.8,
	"BLK":0.1,
	"DRB":0.8,
	"FG":0.7,
	"FGA":2.0,
	"FGp":0.333,
	"FT":0.1,
	"FTA":0.1,
	"FTp":1.0,
	"GS":0.0,
	"MP":10.4,
	"ORB":0.2,
	"PF":1.6,
	"PTS":1.9,
	"Player":"Frank Ntilikina",
	"STL":0.7,
	"TOV":0.5,
	"TRB":1.0,
	"assessment":{
		"breaking":0.22092691256830607,
		"defensive":0.18694797956339995,
		"leading":0.5663332342537821,
		"rebounding":0.2999999999999998,
		"shooting":0.49999999999999983
	},
	"eFGp":0.458,
	"pos":"PG",
	"threeP":0.5,
	"threePA":1.7,
	"threePp":0.3,
	"twoP":0.2,
	"twoPA":0.3,
	"twoPp":0.5
}