{
	"AST":6.3,
	"BLK":1.0,
	"DRB":2.5,
	"FG":4.8,
	"FGA":13.5,
	"FGp":0.352,
	"FT":1.3,
	"FTA":1.5,
	"FTp":0.833,
	"GS":4.0,
	"MP":35.0,
	"ORB":0.5,
	"PF":3.0,
	"PTS":13.8,
	"Player":"Fred VanVleet",
	"STL":1.8,
	"TOV":1.0,
	"TRB":3.0,
	"assessment":{
		"breaking":0.7186193980723475,
		"defensive":0.7092317596719435,
		"leading":0.7315177105694657,
		"rebounding":0.49999999999999956,
		"shooting":0.41789715019793927
	},
	"eFGp":0.463,
	"pos":"PG",
	"threeP":3.0,
	"threePA":9.0,
	"threePp":0.333,
	"twoP":1.8,
	"twoPA":4.5,
	"twoPp":0.389
}