{
	"AST":0.4,
	"BLK":0.1,
	"DRB":1.2,
	"FG":1.2,
	"FGA":2.6,
	"FGp":0.478,
	"FT":0.2,
	"FTA":0.2,
	"FTp":1.0,
	"GS":0.0,
	"MP":6.8,
	"ORB":0.1,
	"PF":0.8,
	"PTS":3.1,
	"Player":"Furkan Korkmaz",
	"STL":0.1,
	"TOV":0.2,
	"TRB":1.3,
	"assessment":{
		"breaking":0.2999999999999998,
		"defensive":0.18694797956339995,
		"leading":0.49999999999999983,
		"rebounding":0.2999999999999998,
		"shooting":0.7784570076570687
	},
	"eFGp":0.565,
	"pos":"SG",
	"threeP":0.4,
	"threePA":1.1,
	"threePp":0.4,
	"twoP":0.8,
	"twoPA":1.4,
	"twoPp":0.538
}