{
	"AST":3.2,
	"BLK":0.3,
	"DRB":1.8,
	"FG":2.8,
	"FGA":7.3,
	"FGp":0.382,
	"FT":1.1,
	"FTA":1.1,
	"FTp":0.95,
	"GS":8.0,
	"MP":23.5,
	"ORB":0.2,
	"PF":2.3,
	"PTS":8.0,
	"Player":"Gabe Vincent",
	"STL":0.8,
	"TOV":1.4,
	"TRB":1.9,
	"assessment":{
		"breaking":0.59805134034526,
		"defensive":0.7078433383588506,
		"leading":0.5209336923239298,
		"rebounding":0.43687353532639606,
		"shooting":0.49999999999999983
	},
	"eFGp":0.477,
	"pos":"PG",
	"threeP":1.4,
	"threePA":4.5,
	"threePp":0.309,
	"twoP":1.4,
	"twoPA":2.8,
	"twoPp":0.5
}