{
	"AST":1.3,
	"BLK":0.5,
	"DRB":1.5,
	"FG":5.2,
	"FGA":13.7,
	"FGp":0.378,
	"FT":2.8,
	"FTA":3.2,
	"FTp":0.895,
	"GS":6.0,
	"MP":33.2,
	"ORB":0.2,
	"PF":1.8,
	"PTS":15.3,
	"Player":"Gary Trent Jr.",
	"STL":1.0,
	"TOV":0.5,
	"TRB":1.7,
	"assessment":{
		"breaking":0.7199225496963535,
		"defensive":0.6066616225516449,
		"leading":0.5821028498020604,
		"rebounding":0.36400848610560455,
		"shooting":0.41789715019793927
	},
	"eFGp":0.457,
	"pos":"SG",
	"threeP":2.2,
	"threePA":6.5,
	"threePp":0.333,
	"twoP":3.0,
	"twoPA":7.2,
	"twoPp":0.419
}