{
	"AST":1.3,
	"BLK":0.7,
	"DRB":1.7,
	"FG":2.3,
	"FGA":3.1,
	"FGp":0.727,
	"FT":0.7,
	"FTA":1.1,
	"FTp":0.625,
	"GS":2.0,
	"MP":15.9,
	"ORB":1.3,
	"PF":1.4,
	"PTS":6.1,
	"Player":"Gary Payton II",
	"STL":0.9,
	"TOV":0.6,
	"TRB":3.0,
	"assessment":{
		"breaking":0.5821028498020604,
		"defensive":0.7249434958135111,
		"leading":0.5821028498020604,
		"rebounding":0.5821028498020604,
		"shooting":0.8193535925950234
	},
	"eFGp":0.864,
	"pos":"PG",
	"threeP":0.9,
	"threePA":1.1,
	"threePp":0.75,
	"twoP":1.4,
	"twoPA":2.0,
	"twoPp":0.714
}