{
	"AST":0.6,
	"BLK":0.0,
	"DRB":1.0,
	"FG":0.2,
	"FGA":1.0,
	"FGp":0.2,
	"FT":0.4,
	"FTA":0.4,
	"FTp":1.0,
	"GS":0.0,
	"MP":15.2,
	"ORB":0.2,
	"PF":2.0,
	"PTS":1.0,
	"Player":"George Hill",
	"STL":0.0,
	"TOV":0.2,
	"TRB":1.2,
	"assessment":{
		"breaking":0.2999999999999998,
		"defensive":0.18694797956339995,
		"leading":0.5285714285714285,
		"rebounding":0.2999999999999998,
		"shooting":0.48297297297297265
	},
	"eFGp":0.3,
	"pos":"SG",
	"threeP":0.2,
	"threePA":0.4,
	"threePp":0.5,
	"twoP":0.0,
	"twoPA":0.6,
	"twoPp":0.0
}