{
	"AST":0.9,
	"BLK":0.0,
	"DRB":1.2,
	"FG":1.7,
	"FGA":4.0,
	"FGp":0.417,
	"FT":0.2,
	"FTA":0.2,
	"FTp":1.0,
	"GS":0.0,
	"MP":16.5,
	"ORB":0.3,
	"PF":2.5,
	"PTS":4.8,
	"Player":"Georges Niang",
	"STL":0.3,
	"TOV":0.6,
	"TRB":1.5,
	"assessment":{
		"breaking":0.2999999999999998,
		"defensive":0.18694797956339995,
		"leading":0.49999999999999956,
		"rebounding":0.2999999999999998,
		"shooting":0.7200140381672175
	},
	"eFGp":0.583,
	"pos":"PF",
	"threeP":1.3,
	"threePA":3.6,
	"threePp":0.372,
	"twoP":0.3,
	"twoPA":0.4,
	"twoPp":0.8
}