{
	"AST":6.8,
	"BLK":1.3,
	"DRB":12.0,
	"FG":11.7,
	"FGA":23.8,
	"FGp":0.491,
	"FT":7.6,
	"FTA":11.2,
	"FTp":0.679,
	"GS":12.0,
	"MP":37.3,
	"ORB":2.2,
	"PF":3.6,
	"PTS":31.7,
	"Player":"Giannis Antetokounmpo",
	"STL":0.7,
	"TOV":4.5,
	"TRB":14.2,
	"assessment":{
		"breaking":0.8233786002902351,
		"defensive":0.8125295761527721,
		"leading":0.5110652435530095,
		"rebounding":0.8137886362930017,
		"shooting":0.5876553008379077
	},
	"eFGp":0.507,
	"pos":"PF",
	"threeP":0.8,
	"threePA":3.4,
	"threePp":0.22,
	"twoP":10.9,
	"twoPA":20.3,
	"twoPp":0.537
}