{
	"AST":1.5,
	"BLK":0.0,
	"DRB":3.0,
	"FG":4.5,
	"FGA":8.0,
	"FGp":0.563,
	"FT":0.5,
	"FTA":0.5,
	"FTp":1.0,
	"GS":0.0,
	"MP":19.8,
	"ORB":1.5,
	"PF":2.8,
	"PTS":10.5,
	"Player":"Goran Dragi?",
	"STL":0.8,
	"TOV":1.3,
	"TRB":4.5,
	"assessment":{
		"breaking":0.5117647058823527,
		"defensive":0.5013729904158616,
		"leading":0.5000000000000011,
		"rebounding":0.7524599935817365,
		"shooting":0.8074558905221756
	},
	"eFGp":0.625,
	"pos":"PG",
	"threeP":1.0,
	"threePA":3.0,
	"threePp":0.333,
	"twoP":3.5,
	"twoPA":5.0,
	"twoPp":0.7
}