{
	"AST":0.0,
	"BLK":0.0,
	"DRB":1.0,
	"FG":0.5,
	"FGA":1.0,
	"FGp":0.5,
	"FT":0.5,
	"FTA":0.5,
	"FTp":1.0,
	"GS":0.0,
	"MP":5.0,
	"ORB":0.5,
	"PF":0.0,
	"PTS":1.5,
	"Player":"Gorgui Dieng",
	"STL":0.0,
	"TOV":0.0,
	"TRB":1.5,
	"assessment":{
		"breaking":0.2999999999999995,
		"defensive":0.18694797956339995,
		"leading":0.5202631578947374,
		"rebounding":0.41789715019793927,
		"shooting":0.8125295761527721
	},
	"eFGp":0.5,
	"pos":"C",
	"threeP":0.0,
	"threePA":0.5,
	"threePp":0.0,
	"twoP":0.5,
	"twoPA":0.5,
	"twoPp":1.0
}