{
	"AST":0.8,
	"BLK":0.7,
	"DRB":3.2,
	"FG":2.9,
	"FGA":7.1,
	"FGp":0.415,
	"FT":2.0,
	"FTA":2.4,
	"FTp":0.826,
	"GS":5.0,
	"MP":29.9,
	"ORB":1.1,
	"PF":3.7,
	"PTS":9.6,
	"Player":"Grant Williams",
	"STL":0.4,
	"TOV":0.8,
	"TRB":4.2,
	"assessment":{
		"breaking":0.7000000000000004,
		"defensive":0.8187859714226822,
		"leading":0.5821028498020604,
		"rebounding":0.7000000000000004,
		"shooting":0.7261052722657831
	},
	"eFGp":0.533,
	"pos":"PF",
	"threeP":1.7,
	"threePA":4.2,
	"threePp":0.4,
	"twoP":1.3,
	"twoPA":2.9,
	"twoPp":0.436
}