{
	"AST":1.3,
	"BLK":0.3,
	"DRB":2.5,
	"FG":3.1,
	"FGA":6.8,
	"FGp":0.451,
	"FT":0.6,
	"FTA":0.9,
	"FTp":0.636,
	"GS":5.0,
	"MP":25.4,
	"ORB":0.4,
	"PF":1.8,
	"PTS":8.3,
	"Player":"Grayson Allen",
	"STL":0.7,
	"TOV":0.8,
	"TRB":2.9,
	"assessment":{
		"breaking":0.49999999999999956,
		"defensive":0.49999999999999956,
		"leading":0.49999999999999956,
		"rebounding":0.49999999999999956,
		"shooting":0.7078433383588506
	},
	"eFGp":0.567,
	"pos":"SG",
	"threeP":1.6,
	"threePA":4.0,
	"threePp":0.396,
	"twoP":1.5,
	"twoPA":2.8,
	"twoPp":0.529
}