{
	"AST":0.5,
	"BLK":0.0,
	"DRB":0.5,
	"FG":1.0,
	"FGA":2.5,
	"FGp":0.4,
	"FT":0.0,
	"FTA":0.0,
	"FTp":0.0,
	"GS":0.0,
	"MP":3.5,
	"ORB":0.5,
	"PF":0.5,
	"PTS":2.0,
	"Player":"Greg Monroe",
	"STL":1.0,
	"TOV":0.5,
	"TRB":1.0,
	"assessment":{
		"breaking":0.337837446141794,
		"defensive":0.4793377483443722,
		"leading":0.49999999999999983,
		"rebounding":0.41643632492088173,
		"shooting":0.1810385931206506
	},
	"eFGp":0.4,
	"pos":"C",
	"threeP":0.0,
	"threePA":0.0,
	"threePp":0.0,
	"twoP":1.0,
	"twoPA":2.5,
	"twoPp":0.4
}