{
	"AST":0.0,
	"BLK":1.3,
	"DRB":3.8,
	"FG":0.8,
	"FGA":2.0,
	"FGp":0.417,
	"FT":0.2,
	"FTA":0.7,
	"FTp":0.25,
	"GS":0.0,
	"MP":10.8,
	"ORB":1.3,
	"PF":1.5,
	"PTS":1.8,
	"Player":"Hassan Whiteside",
	"STL":0.3,
	"TOV":0.0,
	"TRB":5.2,
	"assessment":{
		"breaking":0.5000000000000001,
		"defensive":0.8125295761527721,
		"leading":0.5202631578947374,
		"rebounding":0.7000000000000004,
		"shooting":0.5000000000000014
	},
	"eFGp":0.417,
	"pos":"C",
	"threeP":0.0,
	"threePA":0.0,
	"threePp":0.0,
	"twoP":0.8,
	"twoPA":2.0,
	"twoPp":0.417
}