{
	"AST":0.4,
	"BLK":0.0,
	"DRB":0.4,
	"FG":0.4,
	"FGA":0.9,
	"FGp":0.429,
	"FT":0.0,
	"FTA":0.0,
	"FTp":0.0,
	"GS":0.0,
	"MP":3.9,
	"ORB":0.3,
	"PF":0.3,
	"PTS":1.1,
	"Player":"Haywood Highsmith",
	"STL":0.0,
	"TOV":0.4,
	"TRB":0.6,
	"assessment":{
		"breaking":0.14065275257108295,
		"defensive":0.18144130540672113,
		"leading":0.49999999999999983,
		"rebounding":0.194675704788536,
		"shooting":0.7078433383588506
	},
	"eFGp":0.643,
	"pos":"SF",
	"threeP":0.4,
	"threePA":0.6,
	"threePp":0.6,
	"twoP":0.0,
	"twoPA":0.3,
	"twoPp":0.0
}