{
	"AST":1.8,
	"BLK":0.8,
	"DRB":2.0,
	"FG":3.5,
	"FGA":7.3,
	"FGp":0.477,
	"FT":2.8,
	"FTA":3.7,
	"FTp":0.773,
	"GS":6.0,
	"MP":37.7,
	"ORB":1.3,
	"PF":3.7,
	"PTS":10.7,
	"Player":"Herbert Jones",
	"STL":1.8,
	"TOV":1.3,
	"TRB":3.3,
	"assessment":{
		"breaking":0.7559822896050825,
		"defensive":0.7078433383588506,
		"leading":0.49999999999999983,
		"rebounding":0.5847361124890649,
		"shooting":0.7696934030911774
	},
	"eFGp":0.534,
	"pos":"PF",
	"threeP":0.8,
	"threePA":2.0,
	"threePp":0.417,
	"twoP":2.7,
	"twoPA":5.3,
	"twoPp":0.5
}