{
	"AST":0.0,
	"BLK":0.0,
	"DRB":1.0,
	"FG":0.0,
	"FGA":0.0,
	"FGp":0.0,
	"FT":2.0,
	"FTA":2.0,
	"FTp":1.0,
	"GS":0.0,
	"MP":3.0,
	"ORB":0.0,
	"PF":1.0,
	"PTS":2.0,
	"Player":"Isaac Bonga",
	"STL":0.0,
	"TOV":0.0,
	"TRB":1.0,
	"assessment":{
		"breaking":0.7000000000000004,
		"defensive":0.18694797956339995,
		"leading":0.5202631578947374,
		"rebounding":0.2999999999999998,
		"shooting":0.14065275257108295
	},
	"eFGp":0.0,
	"pos":"SF",
	"threeP":0.0,
	"threePA":0.0,
	"threePp":0.0,
	"twoP":0.0,
	"twoPA":0.0,
	"twoPp":0.0
}