{
	"AST":0.0,
	"BLK":0.0,
	"DRB":0.3,
	"FG":0.3,
	"FGA":0.7,
	"FGp":0.4,
	"FT":0.0,
	"FTA":0.0,
	"FTp":0.0,
	"GS":0.0,
	"MP":2.1,
	"ORB":0.0,
	"PF":0.1,
	"PTS":0.7,
	"Player":"Isaiah Joe",
	"STL":0.0,
	"TOV":0.4,
	"TRB":0.3,
	"assessment":{
		"breaking":0.14065275257108295,
		"defensive":0.17473067076292872,
		"leading":0.337837446141794,
		"rebounding":0.168354898828541,
		"shooting":0.5126432286574641
	},
	"eFGp":0.5,
	"pos":"SG",
	"threeP":0.1,
	"threePA":0.4,
	"threePp":0.333,
	"twoP":0.1,
	"twoPA":0.3,
	"twoPp":0.5
}