{
	"AST":0.1,
	"BLK":0.1,
	"DRB":0.6,
	"FG":0.7,
	"FGA":1.7,
	"FGp":0.417,
	"FT":0.0,
	"FTA":0.0,
	"FTp":0.0,
	"GS":0.0,
	"MP":3.7,
	"ORB":1.0,
	"PF":0.3,
	"PTS":1.9,
	"Player":"Ish Wainright",
	"STL":0.1,
	"TOV":0.4,
	"TRB":1.6,
	"assessment":{
		"breaking":0.14065275257108295,
		"defensive":0.18694797956339995,
		"leading":0.38318734388009973,
		"rebounding":0.5001286541348006,
		"shooting":0.7200140381672175
	},
	"eFGp":0.542,
	"pos":"PF",
	"threeP":0.4,
	"threePA":0.9,
	"threePp":0.5,
	"twoP":0.3,
	"twoPA":0.9,
	"twoPp":0.333
}