{
	"AST":9.8,
	"BLK":0.4,
	"DRB":6.6,
	"FG":9.0,
	"FGA":20.4,
	"FGp":0.44,
	"FT":7.2,
	"FTA":9.7,
	"FTp":0.747,
	"GS":9.0,
	"MP":37.6,
	"ORB":1.4,
	"PF":2.4,
	"PTS":27.1,
	"Player":"Ja Morant",
	"STL":2.0,
	"TOV":3.6,
	"TRB":8.0,
	"assessment":{
		"breaking":0.8125295761527721,
		"defensive":0.8125295761527721,
		"leading":0.5051642609299112,
		"rebounding":0.8125295761527721,
		"shooting":0.5559243922460727
	},
	"eFGp":0.486,
	"pos":"PG",
	"threeP":1.9,
	"threePA":5.6,
	"threePp":0.34,
	"twoP":7.1,
	"twoPA":14.9,
	"twoPp":0.478
}