{
	"AST":0.4,
	"BLK":0.0,
	"DRB":0.8,
	"FG":0.6,
	"FGA":1.2,
	"FGp":0.5,
	"FT":0.0,
	"FTA":0.0,
	"FTp":0.0,
	"GS":0.0,
	"MP":2.6,
	"ORB":0.0,
	"PF":0.2,
	"PTS":1.2,
	"Player":"Jaden Springer",
	"STL":0.0,
	"TOV":0.0,
	"TRB":0.8,
	"assessment":{
		"breaking":0.14065275257108295,
		"defensive":0.18694797956339995,
		"leading":0.6611424351821469,
		"rebounding":0.23195289528952887,
		"shooting":0.5202631578947374
	},
	"eFGp":0.5,
	"pos":"SG",
	"threeP":0.0,
	"threePA":0.2,
	"threePp":0.0,
	"twoP":0.6,
	"twoPA":1.0,
	"twoPp":0.6
}