{
	"AST":0.7,
	"BLK":1.8,
	"DRB":2.0,
	"FG":3.0,
	"FGA":5.7,
	"FGp":0.529,
	"FT":1.7,
	"FTA":2.0,
	"FTp":0.833,
	"GS":0.0,
	"MP":21.7,
	"ORB":0.8,
	"PF":3.0,
	"PTS":9.3,
	"Player":"Jaden McDaniels",
	"STL":0.3,
	"TOV":1.0,
	"TRB":2.8,
	"assessment":{
		"breaking":0.7000000000000004,
		"defensive":0.7078433383588506,
		"leading":0.5807310711572549,
		"rebounding":0.5663332342537822,
		"shooting":0.8125295761527721
	},
	"eFGp":0.676,
	"pos":"PF",
	"threeP":1.7,
	"threePA":3.3,
	"threePp":0.5,
	"twoP":1.3,
	"twoPA":2.3,
	"twoPp":0.571
}