{
	"AST":2.4,
	"BLK":0.5,
	"DRB":4.1,
	"FG":3.2,
	"FGA":8.1,
	"FGp":0.4,
	"FT":1.5,
	"FTA":2.0,
	"FTp":0.731,
	"GS":13.0,
	"MP":29.5,
	"ORB":0.6,
	"PF":3.6,
	"PTS":9.4,
	"Player":"Jae Crowder",
	"STL":1.0,
	"TOV":1.5,
	"TRB":4.7,
	"assessment":{
		"breaking":0.7000000000000004,
		"defensive":0.8125295761527721,
		"leading":0.49999999999999983,
		"rebounding":0.7218043354795511,
		"shooting":0.5193158148375895
	},
	"eFGp":0.49,
	"pos":"PF",
	"threeP":1.5,
	"threePA":4.8,
	"threePp":0.302,
	"twoP":1.8,
	"twoPA":3.2,
	"twoPp":0.548
}