{
	"AST":3.7,
	"BLK":0.1,
	"DRB":3.8,
	"FG":8.1,
	"FGA":17.3,
	"FGp":0.466,
	"FT":4.0,
	"FTA":5.0,
	"FTp":0.8,
	"GS":18.0,
	"MP":34.9,
	"ORB":0.8,
	"PF":2.1,
	"PTS":21.6,
	"Player":"Jalen Brunson",
	"STL":0.8,
	"TOV":1.1,
	"TRB":4.6,
	"assessment":{
		"breaking":0.8057993845982723,
		"defensive":0.6899365698086468,
		"leading":0.6309612340877706,
		"rebounding":0.7000000000000004,
		"shooting":0.5852576687855606
	},
	"eFGp":0.508,
	"pos":"PG",
	"threeP":1.4,
	"threePA":4.2,
	"threePp":0.347,
	"twoP":6.6,
	"twoPA":13.1,
	"twoPp":0.504
}