{
	"AST":0.0,
	"BLK":0.0,
	"DRB":0.0,
	"FG":0.0,
	"FGA":1.5,
	"FGp":0.0,
	"FT":0.0,
	"FTA":0.0,
	"FTp":0.0,
	"GS":0.0,
	"MP":4.5,
	"ORB":0.0,
	"PF":0.0,
	"PTS":0.0,
	"Player":"Jalen Johnson",
	"STL":0.0,
	"TOV":0.5,
	"TRB":0.0,
	"assessment":{
		"breaking":0.14065275257108295,
		"defensive":0.14065275257108295,
		"leading":0.3028346219931273,
		"rebounding":0.14065275257108295,
		"shooting":0.14065275257108295
	},
	"eFGp":0.0,
	"pos":"PF",
	"threeP":0.0,
	"threePA":0.5,
	"threePp":0.0,
	"twoP":0.0,
	"twoPA":1.0,
	"twoPp":0.0
}