{
	"AST":8.6,
	"BLK":0.7,
	"DRB":4.8,
	"FG":5.3,
	"FGA":13.2,
	"FGp":0.405,
	"FT":5.6,
	"FTA":6.3,
	"FTp":0.893,
	"GS":12.0,
	"MP":39.9,
	"ORB":0.9,
	"PF":2.4,
	"PTS":18.6,
	"Player":"James Harden",
	"STL":0.8,
	"TOV":4.2,
	"TRB":5.7,
	"assessment":{
		"breaking":0.8125295761527721,
		"defensive":0.8125789669882372,
		"leading":0.5091719631467057,
		"rebounding":0.7899007355552425,
		"shooting":0.653870066017274
	},
	"eFGp":0.494,
	"pos":"SG",
	"threeP":2.3,
	"threePA":6.3,
	"threePp":0.368,
	"twoP":3.0,
	"twoPA":6.8,
	"twoPp":0.439
}