{
	"AST":0.4,
	"BLK":0.2,
	"DRB":1.8,
	"FG":1.2,
	"FGA":3.2,
	"FGp":0.375,
	"FT":1.4,
	"FTA":1.4,
	"FTp":1.0,
	"GS":0.0,
	"MP":13.8,
	"ORB":0.6,
	"PF":2.4,
	"PTS":4.0,
	"Player":"JaMychal Green",
	"STL":0.0,
	"TOV":0.4,
	"TRB":2.4,
	"assessment":{
		"breaking":0.5000000000000004,
		"defensive":0.49999999999999956,
		"leading":0.49999999999999983,
		"rebounding":0.49999999999999956,
		"shooting":0.2999999999999998
	},
	"eFGp":0.406,
	"pos":"PF",
	"threeP":0.2,
	"threePA":1.0,
	"threePp":0.2,
	"twoP":1.0,
	"twoPA":2.2,
	"twoPp":0.455
}