{
	"AST":0.9,
	"BLK":2.5,
	"DRB":4.6,
	"FG":4.9,
	"FGA":13.0,
	"FGp":0.378,
	"FT":3.3,
	"FTA":4.4,
	"FTp":0.755,
	"GS":12.0,
	"MP":27.7,
	"ORB":2.2,
	"PF":4.4,
	"PTS":15.4,
	"Player":"Jaren Jackson Jr.",
	"STL":0.8,
	"TOV":1.4,
	"TRB":6.8,
	"assessment":{
		"breaking":0.7887246899110956,
		"defensive":0.8125312669030599,
		"leading":0.4999999999999999,
		"rebounding":0.8125312669030599,
		"shooting":0.6382678859940549
	},
	"eFGp":0.465,
	"pos":"PF",
	"threeP":2.3,
	"threePA":6.0,
	"threePp":0.375,
	"twoP":2.7,
	"twoPA":7.0,
	"twoPp":0.381
}