{
	"AST":0.7,
	"BLK":0.3,
	"DRB":5.2,
	"FG":2.2,
	"FGA":4.5,
	"FGp":0.481,
	"FT":1.2,
	"FTA":1.7,
	"FTp":0.7,
	"GS":6.0,
	"MP":21.5,
	"ORB":2.0,
	"PF":2.7,
	"PTS":5.5,
	"Player":"Jarred Vanderbilt",
	"STL":1.2,
	"TOV":0.8,
	"TRB":7.2,
	"assessment":{
		"breaking":0.6365661641541036,
		"defensive":0.7053115577889452,
		"leading":0.5821028498020604,
		"rebounding":0.8128798995153613,
		"shooting":0.6157869808155663
	},
	"eFGp":0.481,
	"pos":"PF",
	"threeP":0.0,
	"threePA":0.0,
	"threePp":0.0,
	"twoP":2.2,
	"twoPA":4.5,
	"twoPp":0.481
}