{
	"AST":0.3,
	"BLK":0.0,
	"DRB":1.7,
	"FG":1.0,
	"FGA":3.3,
	"FGp":0.3,
	"FT":0.3,
	"FTA":0.7,
	"FTp":0.5,
	"GS":0.0,
	"MP":7.3,
	"ORB":0.7,
	"PF":1.3,
	"PTS":2.3,
	"Player":"Jarrett Culver",
	"STL":0.7,
	"TOV":0.7,
	"TRB":2.3,
	"assessment":{
		"breaking":0.5000000000000001,
		"defensive":0.2744258286902203,
		"leading":0.41789715019793927,
		"rebounding":0.5000000000000009,
		"shooting":0.2322438108902247
	},
	"eFGp":0.3,
	"pos":"SG",
	"threeP":0.0,
	"threePA":0.7,
	"threePp":0.0,
	"twoP":1.0,
	"twoPA":2.7,
	"twoPp":0.375
}