{
	"AST":0.6,
	"BLK":0.4,
	"DRB":2.7,
	"FG":2.9,
	"FGA":4.2,
	"FGp":0.7,
	"FT":0.9,
	"FTA":1.1,
	"FTp":0.846,
	"GS":0.0,
	"MP":11.1,
	"ORB":1.3,
	"PF":2.3,
	"PTS":6.8,
	"Player":"JaVale McGee",
	"STL":0.3,
	"TOV":0.8,
	"TRB":4.0,
	"assessment":{
		"breaking":0.49999999999999956,
		"defensive":0.7210446208451429,
		"leading":0.5188339681078136,
		"rebounding":0.7000000000000004,
		"shooting":0.8171938526965199
	},
	"eFGp":0.7,
	"pos":"C",
	"threeP":0.0,
	"threePA":0.1,
	"threePp":0.0,
	"twoP":2.9,
	"twoPA":4.1,
	"twoPp":0.714
}