{
	"AST":0.4,
	"BLK":0.0,
	"DRB":1.4,
	"FG":0.6,
	"FGA":3.4,
	"FGp":0.176,
	"FT":0.2,
	"FTA":0.4,
	"FTp":0.5,
	"GS":1.0,
	"MP":14.4,
	"ORB":1.6,
	"PF":1.6,
	"PTS":1.4,
	"Player":"Javonte Green",
	"STL":1.8,
	"TOV":0.8,
	"TRB":3.0,
	"assessment":{
		"breaking":0.49999999999999983,
		"defensive":0.4849180327868844,
		"leading":0.4999999999999999,
		"rebounding":0.6461614191603599,
		"shooting":0.1784593516209486
	},
	"eFGp":0.176,
	"pos":"SF",
	"threeP":0.0,
	"threePA":1.2,
	"threePp":0.0,
	"twoP":0.6,
	"twoPA":2.2,
	"twoPp":0.273
}