{
	"AST":0.2,
	"BLK":0.3,
	"DRB":1.8,
	"FG":2.3,
	"FGA":4.2,
	"FGp":0.56,
	"FT":1.2,
	"FTA":1.8,
	"FTp":0.636,
	"GS":6.0,
	"MP":13.8,
	"ORB":0.7,
	"PF":1.8,
	"PTS":5.8,
	"Player":"Jaxson Hayes",
	"STL":0.0,
	"TOV":0.7,
	"TRB":2.5,
	"assessment":{
		"breaking":0.7000000000000015,
		"defensive":0.49999999999999956,
		"leading":0.366594579633771,
		"rebounding":0.49999999999999956,
		"shooting":0.8125295761527721
	},
	"eFGp":0.56,
	"pos":"C",
	"threeP":0.0,
	"threePA":0.5,
	"threePp":0.0,
	"twoP":2.3,
	"twoPA":3.7,
	"twoPp":0.636
}