{
	"AST":3.6,
	"BLK":0.5,
	"DRB":5.5,
	"FG":8.3,
	"FGA":17.2,
	"FGp":0.482,
	"FT":4.1,
	"FTA":5.4,
	"FTp":0.755,
	"GS":19.0,
	"MP":38.2,
	"ORB":1.3,
	"PF":3.0,
	"PTS":23.0,
	"Player":"Jaylen Brown",
	"STL":1.3,
	"TOV":3.1,
	"TRB":6.8,
	"assessment":{
		"breaking":0.8125295761527721,
		"defensive":0.8132877326483504,
		"leading":0.3926816874496642,
		"rebounding":0.8125295761527721,
		"shooting":0.8060094448882311
	},
	"eFGp":0.552,
	"pos":"SF",
	"threeP":2.4,
	"threePA":6.4,
	"threePp":0.377,
	"twoP":5.8,
	"twoPA":10.7,
	"twoPp":0.544
}