{
	"AST":1.0,
	"BLK":0.0,
	"DRB":0.0,
	"FG":3.0,
	"FGA":10.0,
	"FGp":0.3,
	"FT":0.0,
	"FTA":0.0,
	"FTp":0.0,
	"GS":0.0,
	"MP":12.0,
	"ORB":0.0,
	"PF":1.0,
	"PTS":6.0,
	"Player":"Jaylen Nowell",
	"STL":1.0,
	"TOV":0.0,
	"TRB":0.0,
	"assessment":{
		"breaking":0.337837446141794,
		"defensive":0.49909090909091003,
		"leading":0.7053115577889452,
		"rebounding":0.14065275257108295,
		"shooting":0.47815789473684267
	},
	"eFGp":0.3,
	"pos":"SG",
	"threeP":0.0,
	"threePA":5.0,
	"threePp":0.0,
	"twoP":3.0,
	"twoPA":5.0,
	"twoPp":0.6
}