{
	"AST":6.3,
	"BLK":0.9,
	"DRB":5.6,
	"FG":8.4,
	"FGA":19.4,
	"FGp":0.434,
	"FT":6.3,
	"FTA":7.6,
	"FTp":0.828,
	"GS":19.0,
	"MP":41.1,
	"ORB":1.0,
	"PF":3.1,
	"PTS":26.2,
	"Player":"Jayson Tatum",
	"STL":1.2,
	"TOV":4.2,
	"TRB":6.6,
	"assessment":{
		"breaking":0.8125295761527721,
		"defensive":0.8134589724867377,
		"leading":0.5091719631467057,
		"rebounding":0.8125295761527721,
		"shooting":0.6718658125788965
	},
	"eFGp":0.512,
	"pos":"SF",
	"threeP":3.1,
	"threePA":8.3,
	"threePp":0.369,
	"twoP":5.4,
	"twoPA":11.2,
	"twoPp":0.481
}