{
	"AST":0.4,
	"BLK":0.4,
	"DRB":2.2,
	"FG":1.2,
	"FGA":3.4,
	"FGp":0.353,
	"FT":0.8,
	"FTA":1.0,
	"FTp":0.8,
	"GS":5.0,
	"MP":22.6,
	"ORB":1.4,
	"PF":1.2,
	"PTS":3.8,
	"Player":"Jeff Green",
	"STL":0.6,
	"TOV":0.4,
	"TRB":3.6,
	"assessment":{
		"breaking":0.49999999999999956,
		"defensive":0.7078433383588506,
		"leading":0.49999999999999983,
		"rebounding":0.6279257068511447,
		"shooting":0.6382678859940549
	},
	"eFGp":0.441,
	"pos":"C",
	"threeP":0.6,
	"threePA":1.6,
	"threePp":0.375,
	"twoP":0.6,
	"twoPA":1.8,
	"twoPp":0.333
}