{
	"AST":0.9,
	"BLK":0.0,
	"DRB":1.2,
	"FG":0.8,
	"FGA":1.7,
	"FGp":0.474,
	"FT":0.2,
	"FTA":0.2,
	"FTp":1.0,
	"GS":0.0,
	"MP":11.5,
	"ORB":0.3,
	"PF":1.1,
	"PTS":2.1,
	"Player":"Jevon Carter",
	"STL":0.7,
	"TOV":0.5,
	"TRB":1.5,
	"assessment":{
		"breaking":0.2999999999999998,
		"defensive":0.18694797956339995,
		"leading":0.5663332342537821,
		"rebounding":0.2999999999999998,
		"shooting":0.748584419822238
	},
	"eFGp":0.553,
	"pos":"PG",
	"threeP":0.3,
	"threePA":0.6,
	"threePp":0.429,
	"twoP":0.5,
	"twoPA":1.1,
	"twoPp":0.5
}