{
	"AST":4.6,
	"BLK":0.6,
	"DRB":4.9,
	"FG":9.8,
	"FGA":19.3,
	"FGp":0.506,
	"FT":6.5,
	"FTA":7.8,
	"FTp":0.841,
	"GS":17.0,
	"MP":37.0,
	"ORB":2.4,
	"PF":1.5,
	"PTS":27.4,
	"Player":"Jimmy Butler",
	"STL":2.1,
	"TOV":1.5,
	"TRB":7.4,
	"assessment":{
		"breaking":0.8125295761527721,
		"defensive":0.8125295761527721,
		"leading":0.6398339546888407,
		"rebounding":0.8126284350733511,
		"shooting":0.7500716231823883
	},
	"eFGp":0.541,
	"pos":"SF",
	"threeP":1.4,
	"threePA":4.0,
	"threePp":0.338,
	"twoP":8.4,
	"twoPA":15.3,
	"twoPp":0.55
}