{
	"AST":2.1,
	"BLK":0.8,
	"DRB":8.6,
	"FG":7.8,
	"FGA":16.1,
	"FGp":0.484,
	"FT":7.3,
	"FTA":8.9,
	"FTp":0.82,
	"GS":10.0,
	"MP":38.5,
	"ORB":2.1,
	"PF":3.4,
	"PTS":23.6,
	"Player":"Joel Embiid",
	"STL":0.4,
	"TOV":3.2,
	"TRB":10.7,
	"assessment":{
		"breaking":0.8125789669882374,
		"defensive":0.8125295761527721,
		"leading":0.33906491899983093,
		"rebounding":0.8134232124464947,
		"shooting":0.7263928996375242
	},
	"eFGp":0.506,
	"pos":"C",
	"threeP":0.7,
	"threePA":3.3,
	"threePp":0.212,
	"twoP":7.1,
	"twoPA":12.8,
	"twoPp":0.555
}