{
	"AST":0.6,
	"BLK":0.1,
	"DRB":2.0,
	"FG":0.4,
	"FGA":1.4,
	"FGp":0.273,
	"FT":0.3,
	"FTA":0.3,
	"FTp":1.0,
	"GS":0.0,
	"MP":7.0,
	"ORB":0.4,
	"PF":0.9,
	"PTS":1.1,
	"Player":"John Konchar",
	"STL":0.4,
	"TOV":0.1,
	"TRB":2.4,
	"assessment":{
		"breaking":0.2999999999999998,
		"defensive":0.43366676574621704,
		"leading":0.6273703183520603,
		"rebounding":0.49999999999999956,
		"shooting":0.20271112715366352
	},
	"eFGp":0.318,
	"pos":"SG",
	"threeP":0.1,
	"threePA":0.8,
	"threePp":0.167,
	"twoP":0.3,
	"twoPA":0.6,
	"twoPp":0.4
}