{
	"AST":1.2,
	"BLK":0.2,
	"DRB":4.2,
	"FG":3.8,
	"FGA":7.8,
	"FGp":0.487,
	"FT":1.0,
	"FTA":2.0,
	"FTp":0.5,
	"GS":4.0,
	"MP":24.4,
	"ORB":0.4,
	"PF":2.4,
	"PTS":9.4,
	"Player":"John Collins",
	"STL":0.4,
	"TOV":1.0,
	"TRB":4.6,
	"assessment":{
		"breaking":0.7000000000000004,
		"defensive":0.6103354025224103,
		"leading":0.5314965631357083,
		"rebounding":0.7354796313603655,
		"shooting":0.791498518253055
	},
	"eFGp":0.538,
	"pos":"PF",
	"threeP":0.8,
	"threePA":2.2,
	"threePp":0.364,
	"twoP":3.0,
	"twoPA":5.6,
	"twoPp":0.536
}