{
	"AST":0.6,
	"BLK":0.2,
	"DRB":1.7,
	"FG":2.3,
	"FGA":4.5,
	"FGp":0.508,
	"FT":1.5,
	"FTA":2.0,
	"FTp":0.769,
	"GS":3.0,
	"MP":10.1,
	"ORB":0.3,
	"PF":0.8,
	"PTS":6.4,
	"Player":"Jonathan Kuminga",
	"STL":0.2,
	"TOV":0.8,
	"TRB":2.0,
	"assessment":{
		"breaking":0.7000000000000004,
		"defensive":0.49999999999999956,
		"leading":0.43366676574621704,
		"rebounding":0.4514121780627606,
		"shooting":0.8125295761527721
	},
	"eFGp":0.534,
	"pos":"SF",
	"threeP":0.2,
	"threePA":1.0,
	"threePp":0.231,
	"twoP":2.1,
	"twoPA":3.5,
	"twoPp":0.587
}