{
	"AST":3.0,
	"BLK":0.2,
	"DRB":8.8,
	"FG":5.5,
	"FGA":11.3,
	"FGp":0.485,
	"FT":3.3,
	"FTA":4.3,
	"FTp":0.769,
	"GS":6.0,
	"MP":29.2,
	"ORB":5.5,
	"PF":2.8,
	"PTS":14.5,
	"Player":"Jonas Valan?i?nas",
	"STL":0.7,
	"TOV":2.0,
	"TRB":14.3,
	"assessment":{
		"breaking":0.7850949934848024,
		"defensive":0.7053115577889452,
		"leading":0.42232787161056523,
		"rebounding":0.8281424894593368,
		"shooting":0.5610162515727902
	},
	"eFGp":0.493,
	"pos":"C",
	"threeP":0.2,
	"threePA":1.0,
	"threePp":0.167,
	"twoP":5.3,
	"twoPA":10.3,
	"twoPp":0.516
}