{
	"AST":1.3,
	"BLK":0.2,
	"DRB":2.3,
	"FG":6.7,
	"FGA":12.2,
	"FGp":0.548,
	"FT":2.7,
	"FTA":3.0,
	"FTp":0.889,
	"GS":0.0,
	"MP":28.3,
	"ORB":0.8,
	"PF":2.8,
	"PTS":17.5,
	"Player":"Jordan Clarkson",
	"STL":0.5,
	"TOV":1.7,
	"TRB":3.2,
	"assessment":{
		"breaking":0.7019207030184591,
		"defensive":0.49999999999999956,
		"leading":0.47741711684577776,
		"rebounding":0.5669228347117853,
		"shooting":0.8125295761527721
	},
	"eFGp":0.61,
	"pos":"SG",
	"threeP":1.5,
	"threePA":4.0,
	"threePp":0.375,
	"twoP":5.2,
	"twoPA":8.2,
	"twoPp":0.633
}