{
	"AST":4.4,
	"BLK":0.4,
	"DRB":2.6,
	"FG":6.1,
	"FGA":11.7,
	"FGp":0.523,
	"FT":3.5,
	"FTA":3.8,
	"FTp":0.922,
	"GS":5.0,
	"MP":29.8,
	"ORB":0.5,
	"PF":3.0,
	"PTS":17.8,
	"Player":"Jordan Poole",
	"STL":0.8,
	"TOV":2.6,
	"TRB":3.1,
	"assessment":{
		"breaking":0.795243332951821,
		"defensive":0.7135105977648354,
		"leading":0.4600964403380546,
		"rebounding":0.49999999999999956,
		"shooting":0.8125295761527721
	},
	"eFGp":0.613,
	"pos":"SG",
	"threeP":2.1,
	"threePA":5.5,
	"threePp":0.383,
	"twoP":4.0,
	"twoPA":6.2,
	"twoPp":0.648
}