{
	"AST":0.3,
	"BLK":0.0,
	"DRB":0.4,
	"FG":0.3,
	"FGA":1.1,
	"FGp":0.222,
	"FT":0.0,
	"FTA":0.3,
	"FTp":0.0,
	"GS":0.0,
	"MP":2.5,
	"ORB":0.0,
	"PF":0.0,
	"PTS":0.5,
	"Player":"Jordan Nwora",
	"STL":0.0,
	"TOV":0.0,
	"TRB":0.4,
	"assessment":{
		"breaking":0.2999999999999998,
		"defensive":0.18144130540672113,
		"leading":0.6611424351821469,
		"rebounding":0.17473067076292872,
		"shooting":0.18366042750076442
	},
	"eFGp":0.222,
	"pos":"SF",
	"threeP":0.0,
	"threePA":0.5,
	"threePp":0.0,
	"twoP":0.3,
	"twoPA":0.6,
	"twoPp":0.4
}