{
	"AST":3.4,
	"BLK":0.0,
	"DRB":2.4,
	"FG":2.4,
	"FGA":3.4,
	"FGp":0.706,
	"FT":0.6,
	"FTA":0.8,
	"FTp":0.75,
	"GS":0.0,
	"MP":16.6,
	"ORB":0.0,
	"PF":1.0,
	"PTS":6.2,
	"Player":"Jordan McLaughlin",
	"STL":1.0,
	"TOV":0.4,
	"TRB":2.4,
	"assessment":{
		"breaking":0.6140549201398766,
		"defensive":0.4993269256656712,
		"leading":0.7390379077820386,
		"rebounding":0.49999999999999956,
		"shooting":0.8176417157476314
	},
	"eFGp":0.824,
	"pos":"PG",
	"threeP":0.8,
	"threePA":1.4,
	"threePp":0.571,
	"twoP":1.6,
	"twoPA":2.0,
	"twoPp":0.8
}