{
	"AST":1.5,
	"BLK":0.2,
	"DRB":1.0,
	"FG":2.7,
	"FGA":5.5,
	"FGp":0.485,
	"FT":1.7,
	"FTA":2.2,
	"FTp":0.769,
	"GS":0.0,
	"MP":19.5,
	"ORB":0.3,
	"PF":3.0,
	"PTS":8.0,
	"Player":"Jose Alvarado",
	"STL":1.2,
	"TOV":1.2,
	"TRB":1.3,
	"assessment":{
		"breaking":0.7000000000000004,
		"defensive":0.4867720347783942,
		"leading":0.5086121517461146,
		"rebounding":0.2999999999999998,
		"shooting":0.8279940797690309
	},
	"eFGp":0.576,
	"pos":"PG",
	"threeP":1.0,
	"threePA":2.7,
	"threePp":0.375,
	"twoP":1.7,
	"twoPA":2.8,
	"twoPp":0.588
}