{
	"AST":0.4,
	"BLK":0.0,
	"DRB":0.7,
	"FG":0.5,
	"FGA":1.8,
	"FGp":0.286,
	"FT":0.1,
	"FTA":0.5,
	"FTp":0.25,
	"GS":0.0,
	"MP":7.6,
	"ORB":0.1,
	"PF":1.0,
	"PTS":1.4,
	"Player":"Josh Green",
	"STL":0.3,
	"TOV":0.0,
	"TRB":0.8,
	"assessment":{
		"breaking":0.2999999999999995,
		"defensive":0.18694797956339995,
		"leading":0.6611424351821469,
		"rebounding":0.23195289528952887,
		"shooting":0.31488851211181623
	},
	"eFGp":0.375,
	"pos":"SG",
	"threeP":0.3,
	"threePA":1.4,
	"threePp":0.227,
	"twoP":0.2,
	"twoPA":0.4,
	"twoPp":0.5
}