{
	"AST":0.0,
	"BLK":0.0,
	"DRB":0.0,
	"FG":0.0,
	"FGA":0.0,
	"FGp":0.0,
	"FT":0.0,
	"FTA":0.0,
	"FTp":0.0,
	"GS":0.0,
	"MP":2.0,
	"ORB":0.0,
	"PF":0.0,
	"PTS":0.0,
	"Player":"Josh Okogie",
	"STL":0.0,
	"TOV":0.0,
	"TRB":0.0,
	"assessment":{
		"breaking":0.14065275257108295,
		"defensive":0.14065275257108295,
		"leading":0.5202631578947374,
		"rebounding":0.14065275257108295,
		"shooting":0.14065275257108295
	},
	"eFGp":0.0,
	"pos":"SG",
	"threeP":0.0,
	"threePA":0.0,
	"threePp":0.0,
	"twoP":0.0,
	"twoPA":0.0,
	"twoPp":0.0
}