{
	"AST":6.5,
	"BLK":0.6,
	"DRB":4.6,
	"FG":7.4,
	"FGA":19.6,
	"FGp":0.379,
	"FT":2.2,
	"FTA":2.6,
	"FTp":0.839,
	"GS":12.0,
	"MP":38.6,
	"ORB":1.0,
	"PF":2.3,
	"PTS":19.1,
	"Player":"Jrue Holiday",
	"STL":1.8,
	"TOV":2.8,
	"TRB":5.6,
	"assessment":{
		"breaking":0.8125295761527721,
		"defensive":0.8125312669030599,
		"leading":0.5006443366131524,
		"rebounding":0.7763298907656354,
		"shooting":0.41789715019793927
	},
	"eFGp":0.432,
	"pos":"PG",
	"threeP":2.1,
	"threePA":6.6,
	"threePp":0.316,
	"twoP":5.3,
	"twoPA":13.0,
	"twoPp":0.41
}