{
	"AST":0.8,
	"BLK":0.0,
	"DRB":1.7,
	"FG":0.8,
	"FGA":3.0,
	"FGp":0.278,
	"FT":0.0,
	"FTA":0.0,
	"FTp":0.0,
	"GS":0.0,
	"MP":9.3,
	"ORB":0.3,
	"PF":0.7,
	"PTS":2.3,
	"Player":"Juancho Hernangómez",
	"STL":0.3,
	"TOV":0.3,
	"TRB":2.0,
	"assessment":{
		"breaking":0.14065275257108295,
		"defensive":0.2744258286902203,
		"leading":0.5821028498020604,
		"rebounding":0.4514121780627606,
		"shooting":0.3020535561018214
	},
	"eFGp":0.389,
	"pos":"PF",
	"threeP":0.7,
	"threePA":2.0,
	"threePp":0.333,
	"twoP":0.2,
	"twoPA":1.0,
	"twoPp":0.167
}