{
	"AST":0.5,
	"BLK":0.1,
	"DRB":0.7,
	"FG":0.4,
	"FGA":0.8,
	"FGp":0.444,
	"FT":0.1,
	"FTA":0.3,
	"FTp":0.333,
	"GS":0.0,
	"MP":3.8,
	"ORB":0.0,
	"PF":0.1,
	"PTS":1.0,
	"Player":"Juan Toscano-Anderson",
	"STL":0.2,
	"TOV":0.5,
	"TRB":0.7,
	"assessment":{
		"breaking":0.2999999999999998,
		"defensive":0.18694797956339995,
		"leading":0.4714285714285714,
		"rebounding":0.2110033779321023,
		"shooting":0.7078433383588506
	},
	"eFGp":0.556,
	"pos":"SF",
	"threeP":0.2,
	"threePA":0.4,
	"threePp":0.5,
	"twoP":0.2,
	"twoPA":0.5,
	"twoPp":0.4
}