{
	"AST":2.2,
	"BLK":2.0,
	"DRB":9.0,
	"FG":6.5,
	"FGA":13.3,
	"FGp":0.488,
	"FT":7.2,
	"FTA":8.3,
	"FTp":0.86,
	"GS":6.0,
	"MP":37.0,
	"ORB":1.8,
	"PF":4.2,
	"PTS":21.8,
	"Player":"Karl-Anthony Towns",
	"STL":0.7,
	"TOV":4.5,
	"TRB":10.8,
	"assessment":{
		"breaking":0.8125295761527721,
		"defensive":0.8125295761527721,
		"leading":0.34059778832763,
		"rebounding":0.8127051254060508,
		"shooting":0.8187692258991288
	},
	"eFGp":0.55,
	"pos":"C",
	"threeP":1.7,
	"threePA":3.7,
	"threePp":0.455,
	"twoP":4.8,
	"twoPA":9.7,
	"twoPp":0.5
}