{
	"AST":0.5,
	"BLK":0.0,
	"DRB":0.0,
	"FG":0.0,
	"FGA":0.0,
	"FGp":0.0,
	"FT":0.0,
	"FTA":0.0,
	"FTp":0.0,
	"GS":0.0,
	"MP":3.5,
	"ORB":0.0,
	"PF":1.5,
	"PTS":0.0,
	"Player":"Kessler Edwards",
	"STL":0.5,
	"TOV":0.5,
	"TRB":0.0,
	"assessment":{
		"breaking":0.14065275257108295,
		"defensive":0.14065275257108295,
		"leading":0.4714285714285714,
		"rebounding":0.14065275257108295,
		"shooting":0.14065275257108295
	},
	"eFGp":0.0,
	"pos":"SF",
	"threeP":0.0,
	"threePA":0.0,
	"threePp":0.0,
	"twoP":0.0,
	"twoPA":0.0,
	"twoPp":0.0
}