{
	"AST":6.3,
	"BLK":0.3,
	"DRB":5.3,
	"FG":8.0,
	"FGA":20.8,
	"FGp":0.386,
	"FT":8.5,
	"FTA":9.5,
	"FTp":0.895,
	"GS":4.0,
	"MP":44.0,
	"ORB":0.5,
	"PF":3.8,
	"PTS":26.3,
	"Player":"Kevin Durant",
	"STL":1.0,
	"TOV":5.3,
	"TRB":5.8,
	"assessment":{
		"breaking":0.8125295761527721,
		"defensive":0.7053265986376769,
		"leading":0.5157309292035416,
		"rebounding":0.8125295761527721,
		"shooting":0.41789715019793927
	},
	"eFGp":0.428,
	"pos":"PF",
	"threeP":1.8,
	"threePA":5.3,
	"threePp":0.333,
	"twoP":6.3,
	"twoPA":15.5,
	"twoPp":0.403
}