{
	"AST":3.8,
	"BLK":0.6,
	"DRB":2.8,
	"FG":3.4,
	"FGA":9.4,
	"FGp":0.362,
	"FT":0.6,
	"FTA":0.8,
	"FTp":0.75,
	"GS":5.0,
	"MP":30.8,
	"ORB":0.2,
	"PF":3.0,
	"PTS":9.2,
	"Player":"Kevin Huerter",
	"STL":1.2,
	"TOV":2.2,
	"TRB":3.0,
	"assessment":{
		"breaking":0.6429290472506854,
		"defensive":0.7325319253399222,
		"leading":0.4581861780576804,
		"rebounding":0.49999999999999956,
		"shooting":0.4983763209876257
	},
	"eFGp":0.457,
	"pos":"SG",
	"threeP":1.8,
	"threePA":6.2,
	"threePp":0.29,
	"twoP":1.6,
	"twoPA":3.2,
	"twoPp":0.5
}