{
	"AST":0.0,
	"BLK":0.0,
	"DRB":1.0,
	"FG":3.5,
	"FGA":5.5,
	"FGp":0.636,
	"FT":1.0,
	"FTA":1.0,
	"FTp":1.0,
	"GS":0.0,
	"MP":4.5,
	"ORB":0.0,
	"PF":0.0,
	"PTS":11.0,
	"Player":"Kevin Knox",
	"STL":1.0,
	"TOV":1.5,
	"TRB":1.0,
	"assessment":{
		"breaking":0.5821028498020604,
		"defensive":0.47815789473684267,
		"leading":0.3381916148051096,
		"rebounding":0.2999999999999998,
		"shooting":0.8137583936811971
	},
	"eFGp":0.909,
	"pos":"SF",
	"threeP":3.0,
	"threePA":5.0,
	"threePp":0.6,
	"twoP":0.5,
	"twoPA":0.5,
	"twoPp":1.0
}