{
	"AST":2.2,
	"BLK":0.5,
	"DRB":4.9,
	"FG":2.6,
	"FGA":4.1,
	"FGp":0.643,
	"FT":0.6,
	"FTA":1.1,
	"FTp":0.611,
	"GS":11.0,
	"MP":20.2,
	"ORB":2.8,
	"PF":1.9,
	"PTS":5.9,
	"Player":"Kevon Looney",
	"STL":0.3,
	"TOV":0.6,
	"TRB":7.8,
	"assessment":{
		"breaking":0.5821028498020604,
		"defensive":0.8125295761527721,
		"leading":0.597428646983791,
		"rebounding":0.8126284350733511,
		"shooting":0.8140217929139419
	},
	"eFGp":0.643,
	"pos":"C",
	"threeP":0.0,
	"threePA":0.0,
	"threePp":0.0,
	"twoP":2.6,
	"twoPA":4.1,
	"twoPp":0.643
}