{
	"AST":0.5,
	"BLK":0.2,
	"DRB":0.8,
	"FG":1.3,
	"FGA":2.7,
	"FGp":0.5,
	"FT":0.0,
	"FTA":0.0,
	"FTp":0.0,
	"GS":4.0,
	"MP":10.5,
	"ORB":0.7,
	"PF":2.2,
	"PTS":3.0,
	"Player":"Khem Birch",
	"STL":0.2,
	"TOV":0.5,
	"TRB":1.5,
	"assessment":{
		"breaking":0.14065275257108295,
		"defensive":0.2941289337531449,
		"leading":0.4714285714285714,
		"rebounding":0.3989870626079425,
		"shooting":0.8125295761527721
	},
	"eFGp":0.563,
	"pos":"C",
	"threeP":0.3,
	"threePA":0.7,
	"threePp":0.5,
	"twoP":1.0,
	"twoPA":2.0,
	"twoPp":0.5
}