{
	"AST":7.0,
	"BLK":0.0,
	"DRB":4.5,
	"FG":5.0,
	"FGA":12.0,
	"FGp":0.417,
	"FT":1.5,
	"FTA":1.5,
	"FTp":1.0,
	"GS":2.0,
	"MP":36.0,
	"ORB":0.5,
	"PF":3.0,
	"PTS":14.5,
	"Player":"Khris Middleton",
	"STL":1.5,
	"TOV":5.5,
	"TRB":5.0,
	"assessment":{
		"breaking":0.7186193980723475,
		"defensive":0.5202631578947374,
		"leading":0.5168060921248127,
		"rebounding":0.7679863558484276,
		"shooting":0.7200140381672175
	},
	"eFGp":0.542,
	"pos":"SF",
	"threeP":3.0,
	"threePA":7.0,
	"threePp":0.429,
	"twoP":2.0,
	"twoPA":5.0,
	"twoPp":0.4
}