{
	"AST":2.4,
	"BLK":0.7,
	"DRB":3.8,
	"FG":7.5,
	"FGA":16.5,
	"FGp":0.456,
	"FT":0.9,
	"FTA":1.2,
	"FTp":0.8,
	"GS":17.0,
	"MP":35.4,
	"ORB":0.4,
	"PF":2.0,
	"PTS":19.5,
	"Player":"Klay Thompson",
	"STL":0.9,
	"TOV":1.2,
	"TRB":4.1,
	"assessment":{
		"breaking":0.5821028498020604,
		"defensive":0.8125295761527721,
		"leading":0.5117647058823527,
		"rebounding":0.7000000000000004,
		"shooting":0.7078433383588506
	},
	"eFGp":0.562,
	"pos":"SG",
	"threeP":3.5,
	"threePA":8.8,
	"threePp":0.4,
	"twoP":4.0,
	"twoPA":7.7,
	"twoPp":0.519
}