{
	"AST":4.7,
	"BLK":0.7,
	"DRB":3.3,
	"FG":2.5,
	"FGA":8.6,
	"FGp":0.291,
	"FT":1.5,
	"FTA":1.9,
	"FTp":0.789,
	"GS":10.0,
	"MP":29.5,
	"ORB":0.3,
	"PF":2.9,
	"PTS":7.8,
	"Player":"Kyle Lowry",
	"STL":1.2,
	"TOV":1.9,
	"TRB":3.6,
	"assessment":{
		"breaking":0.8046323033535623,
		"defensive":0.8143249155114045,
		"leading":0.5965313595405711,
		"rebounding":0.599689413993513,
		"shooting":0.28680648126121866
	},
	"eFGp":0.366,
	"pos":"PG",
	"threeP":1.3,
	"threePA":5.4,
	"threePp":0.241,
	"twoP":1.2,
	"twoPA":3.2,
	"twoPp":0.375
}