{
	"AST":1.8,
	"BLK":0.6,
	"DRB":3.5,
	"FG":2.4,
	"FGA":4.3,
	"FGp":0.569,
	"FT":0.9,
	"FTA":1.5,
	"FTp":0.611,
	"GS":1.0,
	"MP":18.4,
	"ORB":0.8,
	"PF":1.8,
	"PTS":6.0,
	"Player":"Kyle Anderson",
	"STL":0.9,
	"TOV":0.8,
	"TRB":4.3,
	"assessment":{
		"breaking":0.5912937352418164,
		"defensive":0.8125295761527721,
		"leading":0.5821028498020604,
		"rebounding":0.7000000000000004,
		"shooting":0.7789680874228659
	},
	"eFGp":0.598,
	"pos":"PF",
	"threeP":0.3,
	"threePA":1.0,
	"threePp":0.25,
	"twoP":2.2,
	"twoPA":3.3,
	"twoPp":0.667
}