{
	"AST":5.3,
	"BLK":1.3,
	"DRB":3.8,
	"FG":7.0,
	"FGA":15.8,
	"FGp":0.444,
	"FT":5.3,
	"FTA":5.3,
	"FTp":1.0,
	"GS":4.0,
	"MP":42.5,
	"ORB":1.5,
	"PF":3.3,
	"PTS":21.3,
	"Player":"Kyrie Irving",
	"STL":1.8,
	"TOV":2.3,
	"TRB":5.3,
	"assessment":{
		"breaking":0.8125295761527721,
		"defensive":0.8125295761527721,
		"leading":0.5308671087012977,
		"rebounding":0.7524599935817365,
		"shooting":0.7069182761872657
	},
	"eFGp":0.508,
	"pos":"PG",
	"threeP":2.0,
	"threePA":5.3,
	"threePp":0.381,
	"twoP":5.0,
	"twoPA":10.5,
	"twoPp":0.476
}