{
	"AST":1.3,
	"BLK":0.0,
	"DRB":1.4,
	"FG":1.6,
	"FGA":4.0,
	"FGp":0.396,
	"FT":0.4,
	"FTA":0.6,
	"FTp":0.714,
	"GS":0.0,
	"MP":16.0,
	"ORB":0.3,
	"PF":0.8,
	"PTS":4.3,
	"Player":"Landry Shamet",
	"STL":0.5,
	"TOV":0.6,
	"TRB":1.7,
	"assessment":{
		"breaking":0.2999999999999999,
		"defensive":0.1789860904123189,
		"leading":0.49999999999999956,
		"rebounding":0.2999999999999997,
		"shooting":0.40996007079642144
	},
	"eFGp":0.49,
	"pos":"SG",
	"threeP":0.8,
	"threePA":2.2,
	"threePp":0.346,
	"twoP":0.8,
	"twoPA":1.8,
	"twoPp":0.455
}