{
	"AST":1.8,
	"BLK":0.3,
	"DRB":2.7,
	"FG":3.7,
	"FGA":6.5,
	"FGp":0.564,
	"FT":1.5,
	"FTA":1.8,
	"FTp":0.818,
	"GS":0.0,
	"MP":21.7,
	"ORB":3.2,
	"PF":2.5,
	"PTS":9.2,
	"Player":"Larry Nance Jr.",
	"STL":0.5,
	"TOV":1.0,
	"TRB":5.8,
	"assessment":{
		"breaking":0.7000000000000015,
		"defensive":0.5409130762835608,
		"leading":0.6010129373920543,
		"rebounding":0.8125295761527721,
		"shooting":0.8125295761527721
	},
	"eFGp":0.59,
	"pos":"PF",
	"threeP":0.3,
	"threePA":1.5,
	"threePp":0.222,
	"twoP":3.3,
	"twoPA":5.0,
	"twoPp":0.667
}