{
	"AST":0.6,
	"BLK":0.0,
	"DRB":0.1,
	"FG":0.3,
	"FGA":0.9,
	"FGp":0.333,
	"FT":0.0,
	"FTA":0.0,
	"FTp":0.0,
	"GS":0.0,
	"MP":2.4,
	"ORB":0.1,
	"PF":0.3,
	"PTS":0.7,
	"Player":"Luca Vildoza",
	"STL":0.3,
	"TOV":0.0,
	"TRB":0.3,
	"assessment":{
		"breaking":0.14065275257108295,
		"defensive":0.15473416999429454,
		"leading":0.6899365698086468,
		"rebounding":0.168354898828541,
		"shooting":0.6613667059285441
	},
	"eFGp":0.417,
	"pos":"PG",
	"threeP":0.1,
	"threePA":0.7,
	"threePp":0.2,
	"twoP":0.1,
	"twoPA":0.1,
	"twoPp":1.0
}