{
	"AST":6.4,
	"BLK":0.6,
	"DRB":9.1,
	"FG":10.7,
	"FGA":23.5,
	"FGp":0.455,
	"FT":6.9,
	"FTA":9.0,
	"FTp":0.77,
	"GS":15.0,
	"MP":36.8,
	"ORB":0.7,
	"PF":2.9,
	"PTS":31.7,
	"Player":"Luka Don?i?",
	"STL":1.8,
	"TOV":3.9,
	"TRB":9.8,
	"assessment":{
		"breaking":0.8125295761527721,
		"defensive":0.8125295761527721,
		"leading":0.5072041935483885,
		"rebounding":0.8234060001796464,
		"shooting":0.5744743065742847
	},
	"eFGp":0.527,
	"pos":"PG",
	"threeP":3.4,
	"threePA":9.9,
	"threePp":0.345,
	"twoP":7.3,
	"twoPA":13.6,
	"twoPp":0.534
}