{
	"AST":0.0,
	"BLK":0.0,
	"DRB":0.3,
	"FG":0.1,
	"FGA":0.3,
	"FGp":0.5,
	"FT":0.0,
	"FTA":0.0,
	"FTp":0.0,
	"GS":0.0,
	"MP":2.0,
	"ORB":0.1,
	"PF":0.1,
	"PTS":0.3,
	"Player":"Luke Kornet",
	"STL":0.0,
	"TOV":0.0,
	"TRB":0.4,
	"assessment":{
		"breaking":0.14065275257108295,
		"defensive":0.17473067076292872,
		"leading":0.5202631578947374,
		"rebounding":0.17473067076292872,
		"shooting":0.337837446141794
	},
	"eFGp":0.5,
	"pos":"C",
	"threeP":0.0,
	"threePA":0.0,
	"threePp":0.0,
	"twoP":0.1,
	"twoPA":0.3,
	"twoPp":0.5
}