{
	"AST":0.5,
	"BLK":0.0,
	"DRB":0.2,
	"FG":0.0,
	"FGA":1.2,
	"FGp":0.0,
	"FT":0.0,
	"FTA":0.0,
	"FTp":0.0,
	"GS":0.0,
	"MP":6.0,
	"ORB":0.3,
	"PF":1.0,
	"PTS":0.0,
	"Player":"Malachi Flynn",
	"STL":0.2,
	"TOV":0.2,
	"TRB":0.5,
	"assessment":{
		"breaking":0.14065275257108295,
		"defensive":0.1659465731246637,
		"leading":0.49999999999999983,
		"rebounding":0.1799410749506902,
		"shooting":0.14065275257108295
	},
	"eFGp":0.0,
	"pos":"PG",
	"threeP":0.0,
	"threePA":0.5,
	"threePp":0.0,
	"twoP":0.0,
	"twoPA":0.7,
	"twoPp":0.0
}