{
	"AST":0.7,
	"BLK":0.2,
	"DRB":3.0,
	"FG":3.2,
	"FGA":7.3,
	"FGp":0.432,
	"FT":0.8,
	"FTA":1.0,
	"FTp":0.833,
	"GS":0.0,
	"MP":19.8,
	"ORB":0.3,
	"PF":1.5,
	"PTS":8.5,
	"Player":"Malik Beasley",
	"STL":0.3,
	"TOV":1.2,
	"TRB":3.3,
	"assessment":{
		"breaking":0.49999999999999956,
		"defensive":0.5500343039475789,
		"leading":0.4093770029525919,
		"rebounding":0.5520841006655928,
		"shooting":0.6991946264501936
	},
	"eFGp":0.523,
	"pos":"SG",
	"threeP":1.3,
	"threePA":4.2,
	"threePp":0.32,
	"twoP":1.8,
	"twoPA":3.2,
	"twoPp":0.579
}