{
	"AST":0.0,
	"BLK":0.0,
	"DRB":0.3,
	"FG":0.3,
	"FGA":0.4,
	"FGp":0.667,
	"FT":0.0,
	"FTA":0.0,
	"FTp":0.0,
	"GS":0.0,
	"MP":1.4,
	"ORB":0.0,
	"PF":0.0,
	"PTS":0.7,
	"Player":"Malik Fitts",
	"STL":0.0,
	"TOV":0.0,
	"TRB":0.3,
	"assessment":{
		"breaking":0.14065275257108295,
		"defensive":0.17473067076292872,
		"leading":0.5202631578947374,
		"rebounding":0.168354898828541,
		"shooting":0.8151277298029121
	},
	"eFGp":0.833,
	"pos":"PF",
	"threeP":0.1,
	"threePA":0.1,
	"threePp":1.0,
	"twoP":0.1,
	"twoPA":0.3,
	"twoPp":0.5
}