{
	"AST":6.1,
	"BLK":0.3,
	"DRB":3.6,
	"FG":5.4,
	"FGA":13.2,
	"FGp":0.408,
	"FT":2.6,
	"FTA":3.1,
	"FTp":0.82,
	"GS":16.0,
	"MP":36.1,
	"ORB":0.9,
	"PF":3.3,
	"PTS":15.7,
	"Player":"Marcus Smart",
	"STL":1.2,
	"TOV":2.1,
	"TRB":4.6,
	"assessment":{
		"breaking":0.8125295761527721,
		"defensive":0.7053115577889452,
		"leading":0.5705834519860989,
		"rebounding":0.7000000000000004,
		"shooting":0.5207359039626267
	},
	"eFGp":0.498,
	"pos":"PG",
	"threeP":2.4,
	"threePA":6.9,
	"threePp":0.345,
	"twoP":3.0,
	"twoPA":6.3,
	"twoPp":0.475
}