{
	"AST":0.0,
	"BLK":0.0,
	"DRB":0.6,
	"FG":0.5,
	"FGA":1.0,
	"FGp":0.5,
	"FT":0.6,
	"FTA":0.8,
	"FTp":0.833,
	"GS":0.0,
	"MP":3.8,
	"ORB":0.5,
	"PF":0.4,
	"PTS":1.8,
	"Player":"Marquese Chriss",
	"STL":0.0,
	"TOV":0.1,
	"TRB":1.1,
	"assessment":{
		"breaking":0.49999999999999983,
		"defensive":0.18694797956339995,
		"leading":0.439968529222865,
		"rebounding":0.41789715019793927,
		"shooting":0.8125295761527721
	},
	"eFGp":0.563,
	"pos":"PF",
	"threeP":0.1,
	"threePA":0.3,
	"threePp":0.5,
	"twoP":0.4,
	"twoPA":0.8,
	"twoPp":0.5
}