{
	"AST":0.4,
	"BLK":0.8,
	"DRB":0.8,
	"FG":1.2,
	"FGA":2.7,
	"FGp":0.458,
	"FT":0.1,
	"FTA":0.3,
	"FTp":0.333,
	"GS":0.0,
	"MP":15.2,
	"ORB":0.2,
	"PF":1.7,
	"PTS":3.0,
	"Player":"Matisse Thybulle",
	"STL":0.8,
	"TOV":0.2,
	"TRB":1.0,
	"assessment":{
		"breaking":0.49999999999999983,
		"defensive":0.47815789473684267,
		"leading":0.49999999999999983,
		"rebounding":0.2999999999999998,
		"shooting":0.6992977465821199
	},
	"eFGp":0.542,
	"pos":"SG",
	"threeP":0.4,
	"threePA":1.6,
	"threePp":0.286,
	"twoP":0.8,
	"twoPA":1.1,
	"twoPp":0.7
}