{
	"AST":2.1,
	"BLK":0.4,
	"DRB":3.2,
	"FG":3.8,
	"FGA":10.1,
	"FGp":0.374,
	"FT":0.7,
	"FTA":1.0,
	"FTp":0.722,
	"GS":18.0,
	"MP":29.1,
	"ORB":0.8,
	"PF":3.1,
	"PTS":10.9,
	"Player":"Max Strus",
	"STL":0.8,
	"TOV":1.1,
	"TRB":4.1,
	"assessment":{
		"breaking":0.5821028498020604,
		"defensive":0.8187859714226822,
		"leading":0.557142857142857,
		"rebounding":0.7000000000000015,
		"shooting":0.4979170305986493
	},
	"eFGp":0.503,
	"pos":"SF",
	"threeP":2.6,
	"threePA":7.9,
	"threePp":0.331,
	"twoP":1.2,
	"twoPA":2.2,
	"twoPp":0.525
}