{
	"AST":1.1,
	"BLK":0.8,
	"DRB":3.7,
	"FG":3.0,
	"FGA":5.9,
	"FGp":0.509,
	"FT":0.8,
	"FTA":1.2,
	"FTp":0.714,
	"GS":0.0,
	"MP":25.4,
	"ORB":0.8,
	"PF":2.7,
	"PTS":8.7,
	"Player":"Maxi Kleber",
	"STL":0.2,
	"TOV":0.6,
	"TRB":4.6,
	"assessment":{
		"breaking":0.49999999999999956,
		"defensive":0.8125295761527721,
		"leading":0.5663332342537822,
		"rebounding":0.7000000000000004,
		"shooting":0.8125295761527721
	},
	"eFGp":0.67,
	"pos":"PF",
	"threeP":1.9,
	"threePA":4.3,
	"threePp":0.436,
	"twoP":1.1,
	"twoPA":1.6,
	"twoPp":0.714
}