{
	"AST":2.8,
	"BLK":1.0,
	"DRB":3.8,
	"FG":5.1,
	"FGA":10.6,
	"FGp":0.478,
	"FT":2.2,
	"FTA":2.3,
	"FTp":0.933,
	"GS":13.0,
	"MP":38.5,
	"ORB":0.9,
	"PF":2.4,
	"PTS":13.3,
	"Player":"Mikal Bridges",
	"STL":1.1,
	"TOV":0.8,
	"TRB":4.7,
	"assessment":{
		"breaking":0.7000000000000004,
		"defensive":0.8125295761527721,
		"leading":0.5821028498020604,
		"rebounding":0.7000000000000004,
		"shooting":0.7784570076570687
	},
	"eFGp":0.525,
	"pos":"SF",
	"threeP":1.0,
	"threePA":2.5,
	"threePp":0.394,
	"twoP":4.1,
	"twoPA":8.1,
	"twoPp":0.505
}