{
	"AST":4.8,
	"BLK":0.3,
	"DRB":2.8,
	"FG":3.2,
	"FGA":9.5,
	"FGp":0.333,
	"FT":2.0,
	"FTA":2.5,
	"FTp":0.8,
	"GS":6.0,
	"MP":29.0,
	"ORB":0.3,
	"PF":3.2,
	"PTS":9.2,
	"Player":"Mike Conley",
	"STL":0.8,
	"TOV":2.2,
	"TRB":3.2,
	"assessment":{
		"breaking":0.8074072572671577,
		"defensive":0.7078433383588506,
		"leading":0.5383409150774251,
		"rebounding":0.5000000000000001,
		"shooting":0.2999999999999998
	},
	"eFGp":0.377,
	"pos":"PG",
	"threeP":0.8,
	"threePA":4.2,
	"threePp":0.2,
	"twoP":2.3,
	"twoPA":5.3,
	"twoPp":0.438
}