{
	"AST":5.4,
	"BLK":0.0,
	"DRB":2.0,
	"FG":5.0,
	"FGA":10.2,
	"FGp":0.49,
	"FT":1.8,
	"FTA":2.4,
	"FTp":0.75,
	"GS":5.0,
	"MP":31.2,
	"ORB":0.2,
	"PF":2.8,
	"PTS":14.0,
	"Player":"Monte Morris",
	"STL":1.2,
	"TOV":1.6,
	"TRB":2.2,
	"assessment":{
		"breaking":0.8125295761527721,
		"defensive":0.4993269256656712,
		"leading":0.6611424351821469,
		"rebounding":0.49999999999999956,
		"shooting":0.8172306690152187
	},
	"eFGp":0.598,
	"pos":"PG",
	"threeP":2.2,
	"threePA":5.2,
	"threePp":0.423,
	"twoP":2.8,
	"twoPA":5.0,
	"twoPp":0.56
}