{
	"AST":0.4,
	"BLK":0.2,
	"DRB":0.6,
	"FG":1.4,
	"FGA":2.7,
	"FGp":0.519,
	"FT":0.4,
	"FTA":0.6,
	"FTp":0.667,
	"GS":0.0,
	"MP":9.5,
	"ORB":0.2,
	"PF":0.4,
	"PTS":3.9,
	"Player":"Moses Moody",
	"STL":0.3,
	"TOV":0.3,
	"TRB":0.8,
	"assessment":{
		"breaking":0.2999999999999999,
		"defensive":0.2941289337531449,
		"leading":0.49999999999999983,
		"rebounding":0.23195289528952887,
		"shooting":0.8125295761527721
	},
	"eFGp":0.648,
	"pos":"SG",
	"threeP":0.7,
	"threePA":1.3,
	"threePp":0.538,
	"twoP":0.7,
	"twoPA":1.4,
	"twoPp":0.5
}