{
	"AST":0.8,
	"BLK":0.2,
	"DRB":0.5,
	"FG":1.2,
	"FGA":1.7,
	"FGp":0.7,
	"FT":0.7,
	"FTA":0.7,
	"FTp":1.0,
	"GS":0.0,
	"MP":9.3,
	"ORB":0.5,
	"PF":0.8,
	"PTS":3.0,
	"Player":"Naji Marshall",
	"STL":0.2,
	"TOV":0.5,
	"TRB":1.0,
	"assessment":{
		"breaking":0.5000000000000001,
		"defensive":0.3077828140239207,
		"leading":0.5663332342537821,
		"rebounding":0.41643632492088173,
		"shooting":0.8171938526965199
	},
	"eFGp":0.7,
	"pos":"SF",
	"threeP":0.0,
	"threePA":0.0,
	"threePp":0.0,
	"twoP":1.2,
	"twoPA":1.7,
	"twoPp":0.7
}