{
	"AST":0.0,
	"BLK":1.2,
	"DRB":2.4,
	"FG":1.4,
	"FGA":3.4,
	"FGp":0.412,
	"FT":1.4,
	"FTA":1.4,
	"FTp":1.0,
	"GS":0.0,
	"MP":10.8,
	"ORB":0.4,
	"PF":2.8,
	"PTS":4.8,
	"Player":"Naz Reid",
	"STL":0.2,
	"TOV":1.0,
	"TRB":2.8,
	"assessment":{
		"breaking":0.5000000000000004,
		"defensive":0.7078433383588506,
		"leading":0.2614607385430194,
		"rebounding":0.49999999999999956,
		"shooting":0.7383373432779127
	},
	"eFGp":0.5,
	"pos":"C",
	"threeP":0.6,
	"threePA":1.4,
	"threePp":0.429,
	"twoP":0.8,
	"twoPA":2.0,
	"twoPp":0.4
}