{
	"AST":1.5,
	"BLK":0.2,
	"DRB":1.6,
	"FG":1.4,
	"FGA":2.5,
	"FGp":0.556,
	"FT":0.4,
	"FTA":0.6,
	"FTp":0.571,
	"GS":0.0,
	"MP":11.1,
	"ORB":0.5,
	"PF":1.5,
	"PTS":3.4,
	"Player":"Nemanja Bjelica",
	"STL":0.2,
	"TOV":0.5,
	"TRB":2.2,
	"assessment":{
		"breaking":0.2999999999999999,
		"defensive":0.4174680045437323,
		"leading":0.5748800120793224,
		"rebounding":0.5000000000000004,
		"shooting":0.8125295761527721
	},
	"eFGp":0.611,
	"pos":"C",
	"threeP":0.3,
	"threePA":0.6,
	"threePp":0.429,
	"twoP":1.1,
	"twoPA":1.8,
	"twoPp":0.6
}