{
	"AST":1.5,
	"BLK":2.3,
	"DRB":4.5,
	"FG":4.8,
	"FGA":6.0,
	"FGp":0.792,
	"FT":1.0,
	"FTA":5.5,
	"FTp":0.182,
	"GS":0.0,
	"MP":24.5,
	"ORB":1.8,
	"PF":1.5,
	"PTS":10.5,
	"Player":"Nic Claxton",
	"STL":1.3,
	"TOV":0.5,
	"TRB":6.3,
	"assessment":{
		"breaking":0.8125295761527721,
		"defensive":0.8125295761527721,
		"leading":0.5912937352418164,
		"rebounding":0.7962173691047828,
		"shooting":0.7804007950174542
	},
	"eFGp":0.792,
	"pos":"C",
	"threeP":0.0,
	"threePA":0.0,
	"threePp":0.0,
	"twoP":4.8,
	"twoPA":6.0,
	"twoPp":0.792
}