{
	"AST":1.0,
	"BLK":0.0,
	"DRB":1.0,
	"FG":2.0,
	"FGA":2.0,
	"FGp":1.0,
	"FT":1.0,
	"FTA":1.0,
	"FTp":1.0,
	"GS":0.0,
	"MP":5.0,
	"ORB":0.0,
	"PF":0.0,
	"PTS":5.0,
	"Player":"Nickeil Alexander-Walker",
	"STL":1.0,
	"TOV":0.0,
	"TRB":1.0,
	"assessment":{
		"breaking":0.5821028498020604,
		"defensive":0.47815789473684267,
		"leading":0.7053115577889452,
		"rebounding":0.2999999999999998,
		"shooting":0.8588348512446874
	},
	"eFGp":1.0,
	"pos":"SG",
	"threeP":0.0,
	"threePA":0.0,
	"threePp":0.0,
	"twoP":2.0,
	"twoPA":2.0,
	"twoPp":1.0
}