{
	"AST":0.3,
	"BLK":0.0,
	"DRB":0.1,
	"FG":0.2,
	"FGA":0.9,
	"FGp":0.25,
	"FT":0.4,
	"FTA":0.4,
	"FTp":1.0,
	"GS":0.0,
	"MP":1.8,
	"ORB":0.0,
	"PF":0.0,
	"PTS":1.1,
	"Player":"Nik Stauskas",
	"STL":0.0,
	"TOV":0.0,
	"TRB":0.1,
	"assessment":{
		"breaking":0.2999999999999998,
		"defensive":0.15473416999429454,
		"leading":0.6611424351821469,
		"rebounding":0.15150202546296304,
		"shooting":0.18561983082706823
	},
	"eFGp":0.375,
	"pos":"SG",
	"threeP":0.2,
	"threePA":0.7,
	"threePp":0.333,
	"twoP":0.0,
	"twoPA":0.2,
	"twoPp":0.0
}