{
	"AST":3.2,
	"BLK":1.2,
	"DRB":9.6,
	"FG":8.0,
	"FGA":18.2,
	"FGp":0.44,
	"FT":0.8,
	"FTA":1.0,
	"FTp":0.8,
	"GS":5.0,
	"MP":36.2,
	"ORB":2.8,
	"PF":2.8,
	"PTS":19.4,
	"Player":"Nikola Vu?evi?",
	"STL":0.4,
	"TOV":1.6,
	"TRB":12.4,
	"assessment":{
		"breaking":0.59805134034526,
		"defensive":0.8125295761527721,
		"leading":0.5209336923239298,
		"rebounding":0.8174046219664384,
		"shooting":0.6078750544409911
	},
	"eFGp":0.511,
	"pos":"C",
	"threeP":2.6,
	"threePA":8.4,
	"threePp":0.31,
	"twoP":5.4,
	"twoPA":9.8,
	"twoPp":0.551
}