{
	"AST":5.8,
	"BLK":1.0,
	"DRB":9.8,
	"FG":12.2,
	"FGA":21.2,
	"FGp":0.575,
	"FT":5.6,
	"FTA":6.6,
	"FTp":0.848,
	"GS":5.0,
	"MP":34.2,
	"ORB":3.4,
	"PF":4.0,
	"PTS":31.0,
	"Player":"Nikola Joki?",
	"STL":1.6,
	"TOV":4.8,
	"TRB":13.2,
	"assessment":{
		"breaking":0.8125295761527721,
		"defensive":0.8125295761527721,
		"leading":0.5128816075307755,
		"rebounding":0.8232486972815191,
		"shooting":0.8125481866244938
	},
	"eFGp":0.599,
	"pos":"C",
	"threeP":1.0,
	"threePA":3.6,
	"threePp":0.278,
	"twoP":11.2,
	"twoPA":17.6,
	"twoPp":0.636
}