{
	"AST":2.5,
	"BLK":0.2,
	"DRB":2.8,
	"FG":6.5,
	"FGA":13.7,
	"FGp":0.476,
	"FT":2.0,
	"FTA":2.7,
	"FTp":0.75,
	"GS":6.0,
	"MP":36.2,
	"ORB":1.2,
	"PF":3.0,
	"PTS":17.3,
	"Player":"OG Anunoby",
	"STL":1.0,
	"TOV":1.7,
	"TRB":4.0,
	"assessment":{
		"breaking":0.7000000000000004,
		"defensive":0.7078433383588506,
		"leading":0.49480830728740055,
		"rebounding":0.7000000000000004,
		"shooting":0.7618675521440131
	},
	"eFGp":0.561,
	"pos":"SF",
	"threeP":2.3,
	"threePA":6.8,
	"threePp":0.341,
	"twoP":4.2,
	"twoPA":6.8,
	"twoPp":0.61
}