{
	"AST":0.3,
	"BLK":0.1,
	"DRB":0.7,
	"FG":1.3,
	"FGA":2.0,
	"FGp":0.667,
	"FT":0.1,
	"FTA":0.3,
	"FTp":0.333,
	"GS":0.0,
	"MP":4.2,
	"ORB":0.1,
	"PF":0.2,
	"PTS":2.8,
	"Player":"Omer Yurtseven",
	"STL":0.0,
	"TOV":0.0,
	"TRB":0.8,
	"assessment":{
		"breaking":0.2999999999999998,
		"defensive":0.18694797956339995,
		"leading":0.6611424351821469,
		"rebounding":0.23195289528952887,
		"shooting":0.8151277298029121
	},
	"eFGp":0.667,
	"pos":"C",
	"threeP":0.0,
	"threePA":0.2,
	"threePp":0.0,
	"twoP":1.3,
	"twoPA":1.8,
	"twoPp":0.75
}