{
	"AST":0.4,
	"BLK":0.8,
	"DRB":3.2,
	"FG":1.8,
	"FGA":3.2,
	"FGp":0.563,
	"FT":1.6,
	"FTA":2.0,
	"FTp":0.8,
	"GS":1.0,
	"MP":21.6,
	"ORB":2.2,
	"PF":3.8,
	"PTS":5.2,
	"Player":"Onyeka Okongwu",
	"STL":0.8,
	"TOV":0.8,
	"TRB":5.4,
	"assessment":{
		"breaking":0.7000000000000004,
		"defensive":0.8187859714226822,
		"leading":0.4999999999999999,
		"rebounding":0.8125295761527721,
		"shooting":0.7835960705454343
	},
	"eFGp":0.563,
	"pos":"C",
	"threeP":0.0,
	"threePA":0.0,
	"threePp":0.0,
	"twoP":1.8,
	"twoPA":3.2,
	"twoPp":0.563
}