{
	"AST":2.0,
	"BLK":0.4,
	"DRB":3.4,
	"FG":2.3,
	"FGA":4.6,
	"FGp":0.492,
	"FT":0.4,
	"FTA":0.5,
	"FTp":0.714,
	"GS":0.0,
	"MP":20.9,
	"ORB":0.7,
	"PF":2.1,
	"PTS":5.9,
	"Player":"Otto Porter Jr.",
	"STL":0.9,
	"TOV":0.8,
	"TRB":4.1,
	"assessment":{
		"breaking":0.5117647058823527,
		"defensive":0.8125789669882374,
		"leading":0.5821028498020604,
		"rebounding":0.7000000000000006,
		"shooting":0.8145714734090983
	},
	"eFGp":0.6,
	"pos":"PF",
	"threeP":1.0,
	"threePA":2.6,
	"threePp":0.389,
	"twoP":1.3,
	"twoPA":2.1,
	"twoPp":0.621
}