{
	"AST":1.8,
	"BLK":0.3,
	"DRB":3.7,
	"FG":3.0,
	"FGA":6.1,
	"FGp":0.495,
	"FT":0.6,
	"FTA":0.9,
	"FTp":0.688,
	"GS":18.0,
	"MP":28.3,
	"ORB":1.9,
	"PF":2.8,
	"PTS":7.9,
	"Player":"P.J. Tucker",
	"STL":0.8,
	"TOV":0.7,
	"TRB":5.7,
	"assessment":{
		"breaking":0.5821028498020604,
		"defensive":0.7053115577889452,
		"leading":0.5821028498020604,
		"rebounding":0.80503831582373,
		"shooting":0.8107454115650876
	},
	"eFGp":0.601,
	"pos":"PF",
	"threeP":1.3,
	"threePA":2.8,
	"threePp":0.451,
	"twoP":1.7,
	"twoPA":3.2,
	"twoPp":0.534
}