{
	"AST":5.8,
	"BLK":1.0,
	"DRB":5.8,
	"FG":8.5,
	"FGA":17.8,
	"FGp":0.477,
	"FT":5.2,
	"FTA":6.0,
	"FTp":0.861,
	"GS":6.0,
	"MP":43.3,
	"ORB":1.3,
	"PF":4.0,
	"PTS":22.8,
	"Player":"Pascal Siakam",
	"STL":1.2,
	"TOV":2.2,
	"TRB":7.2,
	"assessment":{
		"breaking":0.8125295761527721,
		"defensive":0.8125295761527721,
		"leading":0.5500305747945422,
		"rebounding":0.8125295761527721,
		"shooting":0.5568527228204012
	},
	"eFGp":0.495,
	"pos":"PF",
	"threeP":0.7,
	"threePA":2.8,
	"threePp":0.235,
	"twoP":7.8,
	"twoPA":15.0,
	"twoPp":0.522
}