{
	"AST":0.9,
	"BLK":0.3,
	"DRB":4.0,
	"FG":3.5,
	"FGA":7.3,
	"FGp":0.477,
	"FT":0.4,
	"FTA":0.4,
	"FTp":1.0,
	"GS":0.0,
	"MP":26.5,
	"ORB":0.3,
	"PF":1.2,
	"PTS":9.5,
	"Player":"Pat Connaughton",
	"STL":0.4,
	"TOV":0.6,
	"TRB":4.3,
	"assessment":{
		"breaking":0.2999999999999998,
		"defensive":0.5869018736460738,
		"leading":0.5059923152855528,
		"rebounding":0.7065555784498626,
		"shooting":0.7696934030911774
	},
	"eFGp":0.619,
	"pos":"SG",
	"threeP":2.1,
	"threePA":5.3,
	"threePp":0.391,
	"twoP":1.4,
	"twoPA":2.0,
	"twoPp":0.708
}