{
	"AST":0.8,
	"BLK":0.6,
	"DRB":4.2,
	"FG":4.4,
	"FGA":9.4,
	"FGp":0.468,
	"FT":1.6,
	"FTA":2.2,
	"FTp":0.727,
	"GS":5.0,
	"MP":30.6,
	"ORB":1.2,
	"PF":3.0,
	"PTS":11.8,
	"Player":"Patrick Williams",
	"STL":1.0,
	"TOV":1.4,
	"TRB":5.4,
	"assessment":{
		"breaking":0.7000000000000004,
		"defensive":0.8125295761527721,
		"leading":0.4999999999999999,
		"rebounding":0.7354796313603655,
		"shooting":0.7098611629598163
	},
	"eFGp":0.543,
	"pos":"PF",
	"threeP":1.4,
	"threePA":4.2,
	"threePp":0.333,
	"twoP":3.0,
	"twoPA":5.2,
	"twoPp":0.577
}