{
	"AST":4.8,
	"BLK":1.2,
	"DRB":2.5,
	"FG":3.5,
	"FGA":8.2,
	"FGp":0.429,
	"FT":2.5,
	"FTA":3.7,
	"FTp":0.682,
	"GS":6.0,
	"MP":32.3,
	"ORB":0.7,
	"PF":4.7,
	"PTS":11.0,
	"Player":"Patrick Beverley",
	"STL":1.2,
	"TOV":2.0,
	"TRB":3.2,
	"assessment":{
		"breaking":0.8074072572671577,
		"defensive":0.7092317596719435,
		"leading":0.5805446898873485,
		"rebounding":0.5000000000000001,
		"shooting":0.5757171664895979
	},
	"eFGp":0.52,
	"pos":"PG",
	"threeP":1.5,
	"threePA":4.3,
	"threePp":0.346,
	"twoP":2.0,
	"twoPA":3.8,
	"twoPp":0.522
}