{
	"AST":0.0,
	"BLK":0.3,
	"DRB":1.0,
	"FG":2.3,
	"FGA":4.0,
	"FGp":0.563,
	"FT":0.0,
	"FTA":0.0,
	"FTp":0.0,
	"GS":0.0,
	"MP":18.0,
	"ORB":0.0,
	"PF":1.3,
	"PTS":6.3,
	"Player":"Patty Mills",
	"STL":0.0,
	"TOV":0.3,
	"TRB":1.0,
	"assessment":{
		"breaking":0.14065275257108295,
		"defensive":0.2941289337531449,
		"leading":0.337837446141794,
		"rebounding":0.2999999999999998,
		"shooting":0.8125295761527721
	},
	"eFGp":0.781,
	"pos":"PG",
	"threeP":1.8,
	"threePA":3.3,
	"threePp":0.538,
	"twoP":0.5,
	"twoPA":0.8,
	"twoPp":0.667
}