{
	"AST":0.8,
	"BLK":0.5,
	"DRB":2.0,
	"FG":1.6,
	"FGA":3.0,
	"FGp":0.528,
	"FT":0.3,
	"FTA":0.6,
	"FTp":0.571,
	"GS":0.0,
	"MP":11.7,
	"ORB":1.8,
	"PF":2.4,
	"PTS":3.7,
	"Player":"Paul Reed",
	"STL":0.8,
	"TOV":0.8,
	"TRB":3.8,
	"assessment":{
		"breaking":0.5571428571428569,
		"defensive":0.7078433383588506,
		"leading":0.5821028498020604,
		"rebounding":0.7415134510998279,
		"shooting":0.8125295761527721
	},
	"eFGp":0.556,
	"pos":"C",
	"threeP":0.2,
	"threePA":0.3,
	"threePp":0.667,
	"twoP":1.4,
	"twoPA":2.8,
	"twoPp":0.515
}