{
	"AST":1.0,
	"BLK":0.0,
	"DRB":1.0,
	"FG":0.0,
	"FGA":0.0,
	"FGp":0.0,
	"FT":0.0,
	"FTA":0.0,
	"FTp":0.0,
	"GS":0.0,
	"MP":6.0,
	"ORB":0.0,
	"PF":1.0,
	"PTS":0.0,
	"Player":"Paul Millsap",
	"STL":0.0,
	"TOV":0.0,
	"TRB":1.0,
	"assessment":{
		"breaking":0.14065275257108295,
		"defensive":0.18694797956339995,
		"leading":0.7053115577889452,
		"rebounding":0.2999999999999998,
		"shooting":0.14065275257108295
	},
	"eFGp":0.0,
	"pos":"PF",
	"threeP":0.0,
	"threePA":0.0,
	"threePp":0.0,
	"twoP":0.0,
	"twoPA":0.0,
	"twoPp":0.0
}