{
	"AST":1.8,
	"BLK":0.1,
	"DRB":1.7,
	"FG":2.1,
	"FGA":4.5,
	"FGp":0.465,
	"FT":0.2,
	"FTA":0.2,
	"FTp":0.75,
	"GS":0.0,
	"MP":13.6,
	"ORB":0.4,
	"PF":1.2,
	"PTS":5.6,
	"Player":"Payton Pritchard",
	"STL":0.3,
	"TOV":0.2,
	"TRB":2.1,
	"assessment":{
		"breaking":0.46926626672819205,
		"defensive":0.4239564861825763,
		"leading":0.7000000000000004,
		"rebounding":0.48335629611997016,
		"shooting":0.7117804679299989
	},
	"eFGp":0.599,
	"pos":"SG",
	"threeP":1.2,
	"threePA":3.2,
	"threePp":0.377,
	"twoP":0.9,
	"twoPA":1.3,
	"twoPp":0.68
}