{
	"AST":1.0,
	"BLK":0.8,
	"DRB":3.5,
	"FG":4.2,
	"FGA":8.7,
	"FGp":0.481,
	"FT":1.0,
	"FTA":1.7,
	"FTp":0.6,
	"GS":1.0,
	"MP":27.8,
	"ORB":1.3,
	"PF":2.3,
	"PTS":10.2,
	"Player":"Precious Achiuwa",
	"STL":0.2,
	"TOV":1.5,
	"TRB":4.8,
	"assessment":{
		"breaking":0.6129425287356276,
		"defensive":0.8125295761527721,
		"leading":0.4999999999999999,
		"rebounding":0.7000000000000004,
		"shooting":0.747447223542145
	},
	"eFGp":0.529,
	"pos":"C",
	"threeP":0.8,
	"threePA":2.7,
	"threePp":0.313,
	"twoP":3.3,
	"twoPA":6.0,
	"twoPp":0.556
}