{
	"AST":1.7,
	"BLK":0.1,
	"DRB":4.1,
	"FG":3.4,
	"FGA":8.4,
	"FGp":0.404,
	"FT":0.9,
	"FTA":1.0,
	"FTp":0.889,
	"GS":18.0,
	"MP":39.3,
	"ORB":0.4,
	"PF":2.7,
	"PTS":10.6,
	"Player":"Reggie Bullock",
	"STL":1.2,
	"TOV":0.4,
	"TRB":4.6,
	"assessment":{
		"breaking":0.5821028498020604,
		"defensive":0.6899365698086468,
		"leading":0.6365661641541036,
		"rebounding":0.7218043354795511,
		"shooting":0.6960780897610661
	},
	"eFGp":0.576,
	"pos":"SF",
	"threeP":2.9,
	"threePA":7.3,
	"threePp":0.397,
	"twoP":0.5,
	"twoPA":1.1,
	"twoPp":0.45
}