{
	"AST":0.7,
	"BLK":2.1,
	"DRB":3.2,
	"FG":3.1,
	"FGA":4.7,
	"FGp":0.661,
	"FT":1.7,
	"FTA":1.8,
	"FTp":0.909,
	"GS":10.0,
	"MP":21.7,
	"ORB":2.3,
	"PF":2.1,
	"PTS":7.8,
	"Player":"Robert Williams",
	"STL":0.7,
	"TOV":0.7,
	"TRB":5.5,
	"assessment":{
		"breaking":0.7000000000000015,
		"defensive":0.8187859714226822,
		"leading":0.5821028498020604,
		"rebounding":0.8125295761527721,
		"shooting":0.8148210578313709
	},
	"eFGp":0.661,
	"pos":"C",
	"threeP":0.0,
	"threePA":0.1,
	"threePp":0.0,
	"twoP":3.1,
	"twoPA":4.6,
	"twoPp":0.673
}