{
	"AST":1.5,
	"BLK":0.2,
	"DRB":4.7,
	"FG":2.3,
	"FGA":5.8,
	"FGp":0.4,
	"FT":0.3,
	"FTA":0.3,
	"FTp":1.0,
	"GS":6.0,
	"MP":31.3,
	"ORB":1.0,
	"PF":2.7,
	"PTS":6.2,
	"Player":"Royce O'Neale",
	"STL":0.5,
	"TOV":0.5,
	"TRB":5.7,
	"assessment":{
		"breaking":0.2999999999999998,
		"defensive":0.6619127931260329,
		"leading":0.5912937352418164,
		"rebounding":0.7836019588648518,
		"shooting":0.665599119870116
	},
	"eFGp":0.5,
	"pos":"SF",
	"threeP":1.2,
	"threePA":4.2,
	"threePp":0.28,
	"twoP":1.2,
	"twoPA":1.7,
	"twoPp":0.7
}