{
	"AST":0.5,
	"BLK":1.0,
	"DRB":9.7,
	"FG":3.5,
	"FGA":5.5,
	"FGp":0.636,
	"FT":5.0,
	"FTA":7.3,
	"FTp":0.682,
	"GS":6.0,
	"MP":32.8,
	"ORB":3.5,
	"PF":3.2,
	"PTS":12.0,
	"Player":"Rudy Gobert",
	"STL":0.2,
	"TOV":1.3,
	"TRB":13.2,
	"assessment":{
		"breaking":0.8231302707017931,
		"defensive":0.8125295761527721,
		"leading":0.49999999999999983,
		"rebounding":0.8243818170468119,
		"shooting":0.8137583936811971
	},
	"eFGp":0.636,
	"pos":"C",
	"threeP":0.0,
	"threePA":0.0,
	"threePp":0.0,
	"twoP":3.5,
	"twoPA":5.5,
	"twoPp":0.636
}