{
	"AST":4.3,
	"BLK":0.3,
	"DRB":7.3,
	"FG":4.5,
	"FGA":10.5,
	"FGp":0.429,
	"FT":3.3,
	"FTA":4.0,
	"FTp":0.813,
	"GS":3.0,
	"MP":33.3,
	"ORB":1.8,
	"PF":3.0,
	"PTS":12.8,
	"Player":"Scottie Barnes",
	"STL":1.0,
	"TOV":1.3,
	"TRB":9.0,
	"assessment":{
		"breaking":0.7916701131976224,
		"defensive":0.7053115577889452,
		"leading":0.6197027024926436,
		"rebounding":0.8127051254060508,
		"shooting":0.49999999999999956
	},
	"eFGp":0.452,
	"pos":"PF",
	"threeP":0.5,
	"threePA":3.0,
	"threePp":0.167,
	"twoP":4.0,
	"twoPA":7.5,
	"twoPp":0.533
}