{
	"AST":0.0,
	"BLK":0.0,
	"DRB":1.3,
	"FG":0.7,
	"FGA":2.7,
	"FGp":0.25,
	"FT":0.2,
	"FTA":0.3,
	"FTp":0.5,
	"GS":0.0,
	"MP":3.7,
	"ORB":0.3,
	"PF":0.2,
	"PTS":1.5,
	"Player":"Serge Ibaka",
	"STL":0.0,
	"TOV":0.3,
	"TRB":1.7,
	"assessment":{
		"breaking":0.2999999999999998,
		"defensive":0.18502550779404783,
		"leading":0.337837446141794,
		"rebounding":0.30000000000000027,
		"shooting":0.18561983082706823
	},
	"eFGp":0.25,
	"pos":"PF",
	"threeP":0.0,
	"threePA":0.5,
	"threePp":0.0,
	"twoP":0.7,
	"twoPA":2.2,
	"twoPp":0.308
}