{
	"AST":3.0,
	"BLK":0.8,
	"DRB":2.0,
	"FG":5.5,
	"FGA":9.8,
	"FGp":0.564,
	"FT":0.5,
	"FTA":0.8,
	"FTp":0.667,
	"GS":4.0,
	"MP":33.0,
	"ORB":0.5,
	"PF":3.8,
	"PTS":14.5,
	"Player":"Seth Curry",
	"STL":0.3,
	"TOV":0.8,
	"TRB":2.5,
	"assessment":{
		"breaking":0.5825322180539935,
		"defensive":0.7078433383588506,
		"leading":0.5821028498020604,
		"rebounding":0.49999999999999956,
		"shooting":0.8125295761527721
	},
	"eFGp":0.718,
	"pos":"SG",
	"threeP":3.0,
	"threePA":5.8,
	"threePp":0.522,
	"twoP":2.5,
	"twoPA":4.0,
	"twoPp":0.625
}