{
	"AST":0.9,
	"BLK":0.3,
	"DRB":1.3,
	"FG":1.5,
	"FGA":3.2,
	"FGp":0.474,
	"FT":1.3,
	"FTA":1.7,
	"FTp":0.8,
	"GS":0.0,
	"MP":13.2,
	"ORB":0.3,
	"PF":1.1,
	"PTS":5.0,
	"Player":"Shake Milton",
	"STL":0.5,
	"TOV":0.4,
	"TRB":1.6,
	"assessment":{
		"breaking":0.6129425287356276,
		"defensive":0.31090427666591003,
		"leading":0.5821028498020604,
		"rebounding":0.2999999999999996,
		"shooting":0.748584419822238
	},
	"eFGp":0.579,
	"pos":"PG",
	"threeP":0.7,
	"threePA":1.3,
	"threePp":0.533,
	"twoP":0.8,
	"twoPA":1.9,
	"twoPp":0.435
}