{
	"AST":0.5,
	"BLK":0.0,
	"DRB":0.5,
	"FG":0.5,
	"FGA":0.5,
	"FGp":1.0,
	"FT":0.0,
	"FTA":0.0,
	"FTp":0.0,
	"GS":0.0,
	"MP":4.5,
	"ORB":0.0,
	"PF":0.5,
	"PTS":1.0,
	"Player":"Skylar Mays",
	"STL":0.5,
	"TOV":0.0,
	"TRB":0.5,
	"assessment":{
		"breaking":0.14065275257108295,
		"defensive":0.18561983082706823,
		"leading":0.6611424351821469,
		"rebounding":0.1799410749506902,
		"shooting":0.49909090909091003
	},
	"eFGp":1.0,
	"pos":"SG",
	"threeP":0.0,
	"threePA":0.0,
	"threePp":0.0,
	"twoP":0.5,
	"twoPA":0.5,
	"twoPp":1.0
}