{
	"AST":3.6,
	"BLK":0.3,
	"DRB":2.0,
	"FG":4.4,
	"FGA":10.7,
	"FGp":0.417,
	"FT":3.1,
	"FTA":3.7,
	"FTp":0.821,
	"GS":3.0,
	"MP":27.8,
	"ORB":0.4,
	"PF":2.3,
	"PTS":14.2,
	"Player":"Spencer Dinwiddie",
	"STL":0.8,
	"TOV":1.6,
	"TRB":2.4,
	"assessment":{
		"breaking":0.7559822896050825,
		"defensive":0.7078433383588506,
		"leading":0.5606123435722378,
		"rebounding":0.49999999999999956,
		"shooting":0.7200140381672175
	},
	"eFGp":0.521,
	"pos":"PG",
	"threeP":2.2,
	"threePA":5.3,
	"threePp":0.417,
	"twoP":2.2,
	"twoPA":5.3,
	"twoPp":0.417
}