{
	"AST":6.1,
	"BLK":0.4,
	"DRB":4.4,
	"FG":8.7,
	"FGA":19.3,
	"FGp":0.451,
	"FT":5.1,
	"FTA":6.2,
	"FTp":0.819,
	"GS":13.0,
	"MP":33.9,
	"ORB":0.5,
	"PF":2.6,
	"PTS":26.4,
	"Player":"Stephen Curry",
	"STL":1.2,
	"TOV":2.6,
	"TRB":4.9,
	"assessment":{
		"breaking":0.8125295761527721,
		"defensive":0.8125295761527721,
		"leading":0.500015018123222,
		"rebounding":0.7584677793120017,
		"shooting":0.7078433383588506
	},
	"eFGp":0.553,
	"pos":"PG",
	"threeP":3.9,
	"threePA":10.1,
	"threePp":0.39,
	"twoP":4.8,
	"twoPA":9.2,
	"twoPp":0.519
}