{
	"AST":0.3,
	"BLK":0.2,
	"DRB":0.8,
	"FG":0.3,
	"FGA":1.1,
	"FGp":0.3,
	"FT":0.6,
	"FTA":0.8,
	"FTp":0.714,
	"GS":0.0,
	"MP":2.9,
	"ORB":0.1,
	"PF":0.0,
	"PTS":1.2,
	"Player":"Sterling Brown",
	"STL":0.4,
	"TOV":0.3,
	"TRB":0.9,
	"assessment":{
		"breaking":0.49999999999999983,
		"defensive":0.2941289337531449,
		"leading":0.49999999999999983,
		"rebounding":0.26067704350992177,
		"shooting":0.2322438108902247
	},
	"eFGp":0.3,
	"pos":"SG",
	"threeP":0.0,
	"threePA":0.4,
	"threePp":0.0,
	"twoP":0.3,
	"twoPA":0.7,
	"twoPp":0.5
}