{
	"AST":2.1,
	"BLK":0.1,
	"DRB":4.3,
	"FG":1.3,
	"FGA":3.0,
	"FGp":0.429,
	"FT":0.9,
	"FTA":1.6,
	"FTp":0.545,
	"GS":5.0,
	"MP":16.3,
	"ORB":2.1,
	"PF":1.7,
	"PTS":3.4,
	"Player":"Steven Adams",
	"STL":0.1,
	"TOV":0.6,
	"TRB":6.4,
	"assessment":{
		"breaking":0.60609183236089,
		"defensive":0.5826856618809552,
		"leading":0.597428646983791,
		"rebounding":0.8125295761527721,
		"shooting":0.49999999999999956
	},
	"eFGp":0.429,
	"pos":"C",
	"threeP":0.0,
	"threePA":0.0,
	"threePp":0.0,
	"twoP":1.3,
	"twoPA":3.0,
	"twoPp":0.429
}