{
	"AST":0.0,
	"BLK":0.0,
	"DRB":0.3,
	"FG":0.0,
	"FGA":0.7,
	"FGp":0.0,
	"FT":0.3,
	"FTA":0.3,
	"FTp":1.0,
	"GS":0.0,
	"MP":1.7,
	"ORB":0.0,
	"PF":0.3,
	"PTS":0.3,
	"Player":"Svi Mykhailiuk",
	"STL":0.0,
	"TOV":0.0,
	"TRB":0.3,
	"assessment":{
		"breaking":0.2999999999999998,
		"defensive":0.17473067076292872,
		"leading":0.5202631578947374,
		"rebounding":0.168354898828541,
		"shooting":0.14065275257108295
	},
	"eFGp":0.0,
	"pos":"SF",
	"threeP":0.0,
	"threePA":0.7,
	"threePp":0.0,
	"twoP":0.0,
	"twoPA":0.0,
	"twoPp":0.0
}