{
	"AST":1.2,
	"BLK":0.2,
	"DRB":1.4,
	"FG":2.0,
	"FGA":5.4,
	"FGp":0.37,
	"FT":1.2,
	"FTA":1.4,
	"FTp":0.857,
	"GS":0.0,
	"MP":13.0,
	"ORB":0.2,
	"PF":1.0,
	"PTS":6.0,
	"Player":"Taurean Prince",
	"STL":0.4,
	"TOV":0.8,
	"TRB":1.6,
	"assessment":{
		"breaking":0.5000000000000004,
		"defensive":0.3337935304728523,
		"leading":0.49999999999999956,
		"rebounding":0.2999999999999996,
		"shooting":0.3988472425586875
	},
	"eFGp":0.444,
	"pos":"PF",
	"threeP":0.8,
	"threePA":2.8,
	"threePp":0.286,
	"twoP":1.2,
	"twoPA":2.6,
	"twoPp":0.462
}