{
	"AST":1.7,
	"BLK":0.2,
	"DRB":1.8,
	"FG":1.5,
	"FGA":3.0,
	"FGp":0.5,
	"FT":0.2,
	"FTA":0.7,
	"FTp":0.25,
	"GS":0.0,
	"MP":14.5,
	"ORB":1.2,
	"PF":1.3,
	"PTS":3.3,
	"Player":"Thaddeus Young",
	"STL":0.8,
	"TOV":0.5,
	"TRB":3.0,
	"assessment":{
		"breaking":0.6010129373920543,
		"defensive":0.7078433383588506,
		"leading":0.6365661641541036,
		"rebounding":0.5821028498020604,
		"shooting":0.6611424351821469
	},
	"eFGp":0.528,
	"pos":"PF",
	"threeP":0.2,
	"threePA":1.2,
	"threePp":0.143,
	"twoP":1.3,
	"twoPA":1.8,
	"twoPp":0.727
}