{
	"AST":0.1,
	"BLK":0.0,
	"DRB":0.4,
	"FG":0.3,
	"FGA":0.4,
	"FGp":0.667,
	"FT":0.1,
	"FTA":0.4,
	"FTp":0.333,
	"GS":0.0,
	"MP":2.5,
	"ORB":0.1,
	"PF":0.5,
	"PTS":0.6,
	"Player":"Thanasis Antetokounmpo",
	"STL":0.1,
	"TOV":0.0,
	"TRB":0.5,
	"assessment":{
		"breaking":0.2999999999999998,
		"defensive":0.18144130540672113,
		"leading":0.5576642915867367,
		"rebounding":0.18144130540672113,
		"shooting":0.8151277298029121
	},
	"eFGp":0.667,
	"pos":"SF",
	"threeP":0.0,
	"threePA":0.0,
	"threePp":0.0,
	"twoP":0.3,
	"twoPA":0.4,
	"twoPp":0.667
}