{
	"AST":0.5,
	"BLK":0.0,
	"DRB":0.8,
	"FG":0.5,
	"FGA":1.0,
	"FGp":0.5,
	"FT":0.0,
	"FTA":0.0,
	"FTp":0.0,
	"GS":0.0,
	"MP":5.5,
	"ORB":0.0,
	"PF":1.5,
	"PTS":1.3,
	"Player":"Timothé Luwawu-Cabarrot",
	"STL":0.0,
	"TOV":0.3,
	"TRB":0.8,
	"assessment":{
		"breaking":0.14065275257108295,
		"defensive":0.18694797956339995,
		"leading":0.49999999999999983,
		"rebounding":0.23195289528952887,
		"shooting":0.8125295761527721
	},
	"eFGp":0.625,
	"pos":"SF",
	"threeP":0.3,
	"threePA":0.8,
	"threePp":0.333,
	"twoP":0.3,
	"twoPA":0.3,
	"twoPp":1.0
}