{
	"AST":2.9,
	"BLK":0.8,
	"DRB":6.8,
	"FG":6.8,
	"FGA":13.5,
	"FGp":0.5,
	"FT":1.6,
	"FTA":1.8,
	"FTp":0.864,
	"GS":12.0,
	"MP":38.8,
	"ORB":0.8,
	"PF":2.9,
	"PTS":16.9,
	"Player":"Tobias Harris",
	"STL":1.1,
	"TOV":1.5,
	"TRB":7.6,
	"assessment":{
		"breaking":0.7000000000000004,
		"defensive":0.8125295761527721,
		"leading":0.49999999999999983,
		"rebounding":0.8146858549857663,
		"shooting":0.8125295761527721
	},
	"eFGp":0.568,
	"pos":"PF",
	"threeP":1.8,
	"threePA":4.8,
	"threePp":0.386,
	"twoP":4.9,
	"twoPA":8.8,
	"twoPp":0.562
}