{
	"AST":0.5,
	"BLK":0.0,
	"DRB":2.0,
	"FG":2.5,
	"FGA":2.5,
	"FGp":1.0,
	"FT":0.0,
	"FTA":0.0,
	"FTp":0.0,
	"GS":0.0,
	"MP":4.0,
	"ORB":0.0,
	"PF":0.0,
	"PTS":5.0,
	"Player":"Tony Bradley",
	"STL":0.0,
	"TOV":0.0,
	"TRB":2.0,
	"assessment":{
		"breaking":0.14065275257108295,
		"defensive":0.29153759385219563,
		"leading":0.6611424351821469,
		"rebounding":0.4279227521134309,
		"shooting":0.49909090909091003
	},
	"eFGp":1.0,
	"pos":"C",
	"threeP":0.0,
	"threePA":0.0,
	"threePp":0.0,
	"twoP":2.5,
	"twoPA":2.5,
	"twoPp":1.0
}