{
	"AST":0.6,
	"BLK":0.2,
	"DRB":1.1,
	"FG":0.9,
	"FGA":2.4,
	"FGp":0.364,
	"FT":0.1,
	"FTA":0.2,
	"FTp":0.5,
	"GS":0.0,
	"MP":7.7,
	"ORB":0.6,
	"PF":0.7,
	"PTS":2.2,
	"Player":"Torrey Craig",
	"STL":0.4,
	"TOV":0.4,
	"TRB":1.7,
	"assessment":{
		"breaking":0.2999999999999998,
		"defensive":0.2941289337531449,
		"leading":0.5285714285714285,
		"rebounding":0.42008382792510063,
		"shooting":0.41789715019793927
	},
	"eFGp":0.432,
	"pos":"SF",
	"threeP":0.3,
	"threePA":1.1,
	"threePp":0.3,
	"twoP":0.6,
	"twoPA":1.3,
	"twoPp":0.417
}