{
	"AST":6.0,
	"BLK":0.0,
	"DRB":4.0,
	"FG":4.4,
	"FGA":13.8,
	"FGp":0.319,
	"FT":5.2,
	"FTA":6.6,
	"FTp":0.788,
	"GS":5.0,
	"MP":37.2,
	"ORB":1.0,
	"PF":2.6,
	"PTS":15.4,
	"Player":"Trae Young",
	"STL":0.6,
	"TOV":6.2,
	"TRB":5.0,
	"assessment":{
		"breaking":0.8178657267024432,
		"defensive":0.34400854157001376,
		"leading":0.5202631578947374,
		"rebounding":0.7065555784498626,
		"shooting":0.37645706074904944
	},
	"eFGp":0.37,
	"pos":"PG",
	"threeP":1.4,
	"threePA":7.6,
	"threePp":0.184,
	"twoP":3.0,
	"twoPA":6.2,
	"twoPp":0.484
}