{
	"AST":0.4,
	"BLK":0.0,
	"DRB":0.3,
	"FG":1.1,
	"FGA":2.2,
	"FGp":0.5,
	"FT":0.6,
	"FTA":0.6,
	"FTp":1.0,
	"GS":0.0,
	"MP":3.7,
	"ORB":0.0,
	"PF":0.3,
	"PTS":3.2,
	"Player":"Trey Burke",
	"STL":0.1,
	"TOV":0.1,
	"TRB":0.3,
	"assessment":{
		"breaking":0.2999999999999999,
		"defensive":0.17473067076292872,
		"leading":0.5961723845828042,
		"rebounding":0.168354898828541,
		"shooting":0.8125295761527721
	},
	"eFGp":0.591,
	"pos":"PG",
	"threeP":0.4,
	"threePA":1.0,
	"threePp":0.4,
	"twoP":0.7,
	"twoPA":1.2,
	"twoPp":0.583
}