{
	"AST":0.5,
	"BLK":0.2,
	"DRB":2.0,
	"FG":1.5,
	"FGA":3.7,
	"FGp":0.409,
	"FT":0.7,
	"FTA":0.8,
	"FTp":0.8,
	"GS":0.0,
	"MP":20.0,
	"ORB":0.5,
	"PF":1.5,
	"PTS":5.2,
	"Player":"Trey Murphy III",
	"STL":0.5,
	"TOV":0.2,
	"TRB":2.5,
	"assessment":{
		"breaking":0.49999999999999983,
		"defensive":0.49999999999999956,
		"leading":0.49999999999999983,
		"rebounding":0.49999999999999956,
		"shooting":0.7211768453678814
	},
	"eFGp":0.614,
	"pos":"SF",
	"threeP":1.5,
	"threePA":3.2,
	"threePp":0.474,
	"twoP":0.0,
	"twoPA":0.5,
	"twoPp":0.0
}