{
	"AST":0.4,
	"BLK":0.0,
	"DRB":1.2,
	"FG":0.4,
	"FGA":1.0,
	"FGp":0.4,
	"FT":0.0,
	"FTA":0.0,
	"FTp":0.0,
	"GS":0.0,
	"MP":7.6,
	"ORB":0.4,
	"PF":0.8,
	"PTS":0.8,
	"Player":"Tristan Thompson",
	"STL":0.2,
	"TOV":1.0,
	"TRB":1.6,
	"assessment":{
		"breaking":0.14065275257108295,
		"defensive":0.18694797956339995,
		"leading":0.3989870626079425,
		"rebounding":0.4179687264605247,
		"shooting":0.1810385931206506
	},
	"eFGp":0.4,
	"pos":"PF",
	"threeP":0.0,
	"threePA":0.0,
	"threePp":0.0,
	"twoP":0.4,
	"twoPA":1.0,
	"twoPp":0.4
}