{
	"AST":1.0,
	"BLK":0.0,
	"DRB":2.3,
	"FG":1.7,
	"FGA":5.7,
	"FGp":0.294,
	"FT":0.0,
	"FTA":0.0,
	"FTp":0.0,
	"GS":0.0,
	"MP":12.3,
	"ORB":0.3,
	"PF":0.7,
	"PTS":4.0,
	"Player":"Troy Brown Jr.",
	"STL":0.7,
	"TOV":1.0,
	"TRB":2.7,
	"assessment":{
		"breaking":0.14065275257108295,
		"defensive":0.29153759385219563,
		"leading":0.49999999999999956,
		"rebounding":0.49999999999999956,
		"shooting":0.3479055224713812
	},
	"eFGp":0.353,
	"pos":"SF",
	"threeP":0.7,
	"threePA":3.7,
	"threePp":0.182,
	"twoP":1.0,
	"twoPA":2.0,
	"twoPp":0.5
}