{
	"AST":2.8,
	"BLK":0.4,
	"DRB":3.4,
	"FG":4.9,
	"FGA":12.1,
	"FGp":0.409,
	"FT":1.7,
	"FTA":1.8,
	"FTp":0.926,
	"GS":0.0,
	"MP":25.4,
	"ORB":0.5,
	"PF":1.4,
	"PTS":12.6,
	"Player":"Tyler Herro",
	"STL":0.6,
	"TOV":1.8,
	"TRB":3.9,
	"assessment":{
		"breaking":0.7000000000000004,
		"defensive":0.8125789669882374,
		"leading":0.46935908535724513,
		"rebounding":0.6588980525134595,
		"shooting":0.48995136094904806
	},
	"eFGp":0.453,
	"pos":"SG",
	"threeP":1.1,
	"threePA":4.7,
	"threePp":0.229,
	"twoP":3.9,
	"twoPA":7.4,
	"twoPp":0.523
}