{
	"AST":3.9,
	"BLK":0.2,
	"DRB":3.0,
	"FG":7.3,
	"FGA":15.2,
	"FGp":0.484,
	"FT":3.9,
	"FTA":4.2,
	"FTp":0.94,
	"GS":12.0,
	"MP":40.4,
	"ORB":0.5,
	"PF":2.0,
	"PTS":20.8,
	"Player":"Tyrese Maxey",
	"STL":0.8,
	"TOV":1.8,
	"TRB":3.5,
	"assessment":{
		"breaking":0.7811478057086662,
		"defensive":0.7073759056977805,
		"leading":0.5581955686505448,
		"rebounding":0.5593811570180738,
		"shooting":0.824927239609598
	},
	"eFGp":0.555,
	"pos":"PG",
	"threeP":2.2,
	"threePA":5.8,
	"threePp":0.377,
	"twoP":5.2,
	"twoPA":9.4,
	"twoPp":0.549
}