{
	"AST":4.5,
	"BLK":0.2,
	"DRB":2.9,
	"FG":3.3,
	"FGA":8.3,
	"FGp":0.394,
	"FT":1.2,
	"FTA":1.3,
	"FTp":0.933,
	"GS":3.0,
	"MP":21.8,
	"ORB":0.3,
	"PF":0.7,
	"PTS":9.2,
	"Player":"Tyus Jones",
	"STL":1.2,
	"TOV":1.1,
	"TRB":3.3,
	"assessment":{
		"breaking":0.6839098865489586,
		"defensive":0.7078387346873365,
		"leading":0.6911039308162543,
		"rebounding":0.5301364156121006,
		"shooting":0.6613667059285441
	},
	"eFGp":0.485,
	"pos":"PG",
	"threeP":1.5,
	"threePA":3.8,
	"threePp":0.4,
	"twoP":1.8,
	"twoPA":4.5,
	"twoPp":0.389
}