{
	"AST":2.1,
	"BLK":0.3,
	"DRB":3.1,
	"FG":3.3,
	"FGA":9.1,
	"FGp":0.368,
	"FT":2.8,
	"FTA":3.5,
	"FTp":0.792,
	"GS":1.0,
	"MP":24.5,
	"ORB":0.3,
	"PF":1.9,
	"PTS":10.6,
	"Player":"Victor Oladipo",
	"STL":1.3,
	"TOV":1.7,
	"TRB":3.4,
	"assessment":{
		"breaking":0.7430063621945995,
		"defensive":0.7062006279672176,
		"leading":0.49480830728740055,
		"rebounding":0.5708128483426175,
		"shooting":0.4118595116558455
	},
	"eFGp":0.43,
	"pos":"SG",
	"threeP":1.1,
	"threePA":4.1,
	"threePp":0.274,
	"twoP":2.2,
	"twoPA":4.9,
	"twoPp":0.446
}