{
	"AST":0.5,
	"BLK":0.0,
	"DRB":1.0,
	"FG":1.0,
	"FGA":1.5,
	"FGp":0.667,
	"FT":0.0,
	"FTA":0.0,
	"FTp":0.0,
	"GS":0.0,
	"MP":4.5,
	"ORB":0.0,
	"PF":0.0,
	"PTS":2.5,
	"Player":"Vlatko ?an?ar",
	"STL":0.0,
	"TOV":1.0,
	"TRB":1.0,
	"assessment":{
		"breaking":0.14065275257108295,
		"defensive":0.18694797956339995,
		"leading":0.3989870626079425,
		"rebounding":0.2999999999999998,
		"shooting":0.8151277298029121
	},
	"eFGp":0.833,
	"pos":"PF",
	"threeP":0.5,
	"threePA":1.0,
	"threePp":0.5,
	"twoP":0.5,
	"twoPA":0.5,
	"twoPp":1.0
}