{
	"AST":1.2,
	"BLK":0.3,
	"DRB":2.3,
	"FG":2.1,
	"FGA":5.3,
	"FGp":0.391,
	"FT":0.5,
	"FTA":0.8,
	"FTp":0.667,
	"GS":12.0,
	"MP":28.8,
	"ORB":0.8,
	"PF":2.3,
	"PTS":6.2,
	"Player":"Wesley Matthews",
	"STL":0.8,
	"TOV":0.5,
	"TRB":3.1,
	"assessment":{
		"breaking":0.5825322180539935,
		"defensive":0.7078433383588506,
		"leading":0.5821028498020604,
		"rebounding":0.5663332342537822,
		"shooting":0.6613667059285441
	},
	"eFGp":0.531,
	"pos":"SG",
	"threeP":1.5,
	"threePA":3.8,
	"threePp":0.4,
	"twoP":0.6,
	"twoPA":1.6,
	"twoPp":0.368
}