{
	"AST":0.0,
	"BLK":0.0,
	"DRB":0.0,
	"FG":1.0,
	"FGA":4.0,
	"FGp":0.25,
	"FT":0.0,
	"FTA":0.0,
	"FTp":0.0,
	"GS":0.0,
	"MP":2.0,
	"ORB":2.0,
	"PF":1.0,
	"PTS":2.0,
	"Player":"Willy Hernangómez",
	"STL":0.0,
	"TOV":0.0,
	"TRB":2.0,
	"assessment":{
		"breaking":0.14065275257108295,
		"defensive":0.14065275257108295,
		"leading":0.5202631578947374,
		"rebounding":0.7112283619587164,
		"shooting":0.18561983082706823
	},
	"eFGp":0.25,
	"pos":"C",
	"threeP":0.0,
	"threePA":1.0,
	"threePp":0.0,
	"twoP":1.0,
	"twoPA":3.0,
	"twoPp":0.333
}