{
	"AST":2.8,
	"BLK":0.2,
	"DRB":4.6,
	"FG":5.4,
	"FGA":13.2,
	"FGp":0.409,
	"FT":0.8,
	"FTA":1.2,
	"FTp":0.667,
	"GS":5.0,
	"MP":34.4,
	"ORB":1.0,
	"PF":2.2,
	"PTS":13.8,
	"Player":"Will Barton",
	"STL":0.8,
	"TOV":2.0,
	"TRB":5.6,
	"assessment":{
		"breaking":0.5821028498020604,
		"defensive":0.7053116121117663,
		"leading":0.42232787161056523,
		"rebounding":0.7763298907656354,
		"shooting":0.7282034473308785
	},
	"eFGp":0.492,
	"pos":"SG",
	"threeP":2.2,
	"threePA":5.6,
	"threePp":0.393,
	"twoP":3.2,
	"twoPA":7.6,
	"twoPp":0.421
}