{
	"AST":0.7,
	"BLK":0.1,
	"DRB":1.9,
	"FG":2.0,
	"FGA":2.8,
	"FGp":0.72,
	"FT":0.3,
	"FTA":0.7,
	"FTp":0.5,
	"GS":6.0,
	"MP":15.4,
	"ORB":1.4,
	"PF":1.8,
	"PTS":4.4,
	"Player":"Xavier Tillman Sr.",
	"STL":0.7,
	"TOV":1.1,
	"TRB":3.3,
	"assessment":{
		"breaking":0.5000000000000001,
		"defensive":0.43359643878471665,
		"leading":0.5410104999428215,
		"rebounding":0.607878233397315,
		"shooting":0.8187645070075119
	},
	"eFGp":0.74,
	"pos":"PF",
	"threeP":0.1,
	"threePA":0.2,
	"threePp":0.5,
	"twoP":1.9,
	"twoPA":2.6,
	"twoPp":0.739
}