{
	"AST":6.0,
	"BLK":0.3,
	"DRB":5.3,
	"FG":6.8,
	"FGA":15.8,
	"FGp":0.429,
	"FT":3.5,
	"FTA":3.8,
	"FTp":0.933,
	"GS":4.0,
	"MP":38.3,
	"ORB":0.0,
	"PF":2.3,
	"PTS":19.3,
	"Player":"Zach LaVine",
	"STL":0.8,
	"TOV":3.0,
	"TRB":5.3,
	"assessment":{
		"breaking":0.8125295761527721,
		"defensive":0.7053265986376769,
		"leading":0.5014763964641733,
		"rebounding":0.8125295761527721,
		"shooting":0.6913649344464404
	},
	"eFGp":0.5,
	"pos":"SF",
	"threeP":2.3,
	"threePA":6.0,
	"threePp":0.375,
	"twoP":4.5,
	"twoPA":9.8,
	"twoPp":0.462
}