{
	"AST":0.0,
	"BLK":0.0,
	"DRB":0.0,
	"FG":0.5,
	"FGA":0.5,
	"FGp":1.0,
	"FT":0.0,
	"FTA":0.0,
	"FTp":0.0,
	"GS":0.0,
	"MP":4.5,
	"ORB":0.0,
	"PF":1.0,
	"PTS":1.5,
	"Player":"Zeke Nnaji",
	"STL":0.0,
	"TOV":0.0,
	"TRB":0.0,
	"assessment":{
		"breaking":0.14065275257108295,
		"defensive":0.14065275257108295,
		"leading":0.5202631578947374,
		"rebounding":0.14065275257108295,
		"shooting":0.8588348512446874
	},
	"eFGp":1.5,
	"pos":"PF",
	"threeP":0.5,
	"threePA":0.5,
	"threePp":1.0,
	"twoP":0.0,
	"twoPA":0.0,
	"twoPp":0.0
}