{
	"AST":0.5,
	"BLK":0.0,
	"DRB":1.2,
	"FG":2.3,
	"FGA":5.2,
	"FGp":0.442,
	"FT":1.2,
	"FTA":1.3,
	"FTp":0.923,
	"GS":1.0,
	"MP":16.8,
	"ORB":0.4,
	"PF":1.4,
	"PTS":6.9,
	"Player":"Ziaire Williams",
	"STL":0.5,
	"TOV":0.2,
	"TRB":1.6,
	"assessment":{
		"breaking":0.49999999999999956,
		"defensive":0.18694797956339995,
		"leading":0.49999999999999983,
		"rebounding":0.4179687264605247,
		"shooting":0.7078433383588506
	},
	"eFGp":0.548,
	"pos":"SF",
	"threeP":1.1,
	"threePA":3.6,
	"threePp":0.306,
	"twoP":1.2,
	"twoPA":1.6,
	"twoPp":0.75
}